uid,spotify_id,name,artist,year,decade,popularity,energy,valence,danceability,acousticness,instrumentalness,speechiness,mds_x,mds_y,energy_band,contrast
3lWtpc2gKflv5xG7qGVA9l,3lWtpc2gKflv5xG7qGVA9l,I Can't Give You Anything But Love,Harry Curtis,1923,1920,0.0,0.516,0.779,0.733,0.8590000000000001,0.0,0.0475,-0.123490989299494,0.385016465433413,middle,other
0xOgGPN7fDszF6wLpPBE6r,0xOgGPN7fDszF6wLpPBE6r,"Deep Down South (From ""Pardon My Gun"")","Bix Beiderbecke And His Orchestra, Bix Beiderbecke",1924,1920,1.0,0.448,0.753,0.565,0.922,0.0434,0.0554,-0.24905669046213508,0.3452187789384604,middle,other
657I3AxRiZoTkP41zopM10,657I3AxRiZoTkP41zopM10,Alligator Crawl,Louis Armstrong & His Hot Seven,1926,1920,5.0,0.136,0.552,0.698,0.992,0.726,0.136,-0.7257215073270951,-0.127876569805777,low,other
2DTL1nQAVTK7YDRMeyFYb3,2DTL1nQAVTK7YDRMeyFYb3,Trucking Little Woman,Big Bill Broonzy,1930,1930,11.0,0.433,0.929,0.624,0.991,0.0128,0.29100000000000004,-0.24773914989763587,0.4898748392892825,middle,other
0qBk29LwwpIkK4yBwyOoGP,0qBk29LwwpIkK4yBwyOoGP,I cadetti di Guascogna,Clara Jaione,1932,1930,0.0,0.483,0.778,0.684,0.974,0.000785,0.061,-0.2333850984307364,0.4241261543598372,middle,other
0v73V7VuLgopjjCQJOoiwr,0v73V7VuLgopjjCQJOoiwr,Vito Dumas Habla al Pueblo de Su Patria - Remasterizado,"Francisco Canaro, Agustín Irusta",1932,1930,0.0,0.4,0.496,0.621,0.735,0.0,0.414,-0.15600793964192183,0.31535445670686946,middle,other
59KkICr2P3gksRXtukBrIX,59KkICr2P3gksRXtukBrIX,Am I Blue? - Take 2,Billie Holiday,1933,1930,21.0,0.0718,0.267,0.456,0.98,4.8e-05,0.0314,-0.5802239750331308,0.33578309314356475,low,other
78oBchuD7PPPpXFfLaWXxG,78oBchuD7PPPpXFfLaWXxG,Spreadin' Rhythm Around (with Teddy Wilson & His Orchestra),"Billie Holiday, Teddy Wilson",1933,1930,15.0,0.42,0.945,0.7609999999999999,0.958,0.0375,0.122,-0.21875572963845422,0.4740194456652744,middle,other
6dlLHilqWyUsVq4vMGa1GO,6dlLHilqWyUsVq4vMGa1GO,On the Sentimental Side - Take 1,Billie Holiday,1933,1930,10.0,0.132,0.494,0.648,0.911,0.0,0.0426,-0.4237935976531712,0.40190953740938545,low,other
0yGz35gJAvlXO3MTB7Undz,0yGz35gJAvlXO3MTB7Undz,Part.3 (From En Crète sans les dieux) (1934),Maurice Jaubert,1934,1930,0.0,0.569,0.487,0.438,0.8590000000000001,0.879,0.0574,-0.5193884523543884,-0.4937963566993073,middle,other
6ssyGeJUY9grIGFixiQ0m6,6ssyGeJUY9grIGFixiQ0m6,They Can't Take That Away from Me - Live,"Billie Holiday, Count Basie",1937,1930,4.0,0.299,0.62,0.505,0.961,0.0007379999999999999,0.0354,-0.3730590000670046,0.37912939291172026,middle,other
6EBFq9aN6HbeLgrV7wfHus,6EBFq9aN6HbeLgrV7wfHus,Honeysuckle Rose - Live,Benny Goodman,1938,1930,11.0,0.387,0.385,0.611,0.423,0.8420000000000001,0.0785,-0.2644922197720651,-0.5602696173454357,middle,other
5Xiw2bnTWTQkToU2FkjaVO,5Xiw2bnTWTQkToU2FkjaVO,You're Gonna See a Lot of Me (with Teddy Wilson & His Orchestra) - Take 1,"Billie Holiday, Teddy Wilson",1938,1930,4.0,0.196,0.354,0.703,0.98,1.73e-05,0.0548,-0.46564352713106505,0.38665849704482796,low,other
0lU0eFIggcIiEO9QpUZwlQ,0lU0eFIggcIiEO9QpUZwlQ,The Flaming Sword,"Duke Ellington, Duke Ellington Orchestra",1940,1940,6.0,0.618,0.371,0.608,0.6940000000000001,0.307,0.13699999999999998,-0.16234827615782652,-0.07796135415705899,middle,other
083KXXRYyo2xPxzuJWpV5n,083KXXRYyo2xPxzuJWpV5n,The World Is Mad Pt. 2 - 78rpm Version,Count Basie,1940,1940,3.0,0.295,0.509,0.608,0.96,0.412,0.0568,-0.5322410831122292,0.037501405662614465,middle,other
6MwOMl2SAgbprDTm6Ijdty,6MwOMl2SAgbprDTm6Ijdty,I See A Million People (But All I Can See Is You),Peggy Lee,1941,1940,13.0,0.145,0.464,0.6759999999999999,0.973,0.0019,0.042,-0.4671002027962798,0.4173027451717083,low,other
0NJUPykv8K6VxgZmTYZLY4,0NJUPykv8K6VxgZmTYZLY4,Resta cu' mme - Instrument and base Version,Orchestra Studio 7,1942,1940,0.0,0.29,0.27,0.6709999999999999,0.175,0.7490000000000001,0.0304,-0.10858008682124308,-0.5722945663762432,middle,other
4QUcXc1zhJighgGCVZKOpc,4QUcXc1zhJighgGCVZKOpc,"Mazurkas, Op. 30: No. 3 in D-Flat Major","Frédéric Chopin, Arthur Rubinstein",1946,1940,4.0,0.0675,0.0955,0.36,0.994,0.915,0.0474,-0.9746166912231161,-0.47570867635244657,low,other
5PaS1OgxdTDLO8Zr59aTuS,5PaS1OgxdTDLO8Zr59aTuS,"I Could Have Danced All Night (from ""My Fair Lady"") - From ""My Fair Lady""",Julie Andrews,1947,1940,5.0,0.287,0.402,0.324,0.828,4.21e-06,0.0437,-0.34972006913061043,0.23705238941542625,middle,other
2QfibkDAUFnSjh69mXkrS6,2QfibkDAUFnSjh69mXkrS6,If This Isn't Love,"Ella Logan, Donald Richards, The Lyn Murray Singers",1947,1940,2.0,0.239,0.667,0.5720000000000001,0.966,0.0,0.0482,-0.38662230287587956,0.4256459357423133,low,other
5v8Ni83qMPCsfXqhGDo88Q,5v8Ni83qMPCsfXqhGDo88Q,Little Girl Blue,Doris Day,1948,1940,13.0,0.133,0.0393,0.209,0.958,0.00867,0.0383,-0.6190171156469889,0.19001561969386951,low,other
71wQFFfwH5L0R5SjK30aXW,71wQFFfwH5L0R5SjK30aXW,The Christmas Tree Angel,The Andrews Sisters,1951,1950,28.0,0.142,0.545,0.527,0.922,0.0,0.0561,-0.4331493656854503,0.3919443929381694,low,other
1SzFWRRcrw4nXQyDZb4RAw,1SzFWRRcrw4nXQyDZb4RAw,Slipknot (Freestyle),Ouija Macc,1951,1950,8.0,0.293,0.295,0.488,0.153,0.00216,0.501,0.16890172764528713,0.059645075430581826,middle,other
6yUAjTaVwh1qPyQecmw5Fj,6yUAjTaVwh1qPyQecmw5Fj,Earl's Breakdown (with The Foggy Mountain Boys) - 78rpm Version,"Lester Flatt, Earl Scruggs, The Foggy Mountain Boys",1951,1950,7.0,0.65,0.973,0.391,0.232,0.8079999999999999,0.0308,0.11303400628059353,-0.5616980137021167,middle,other
2ynGfwePiLptW599QebWbr,2ynGfwePiLptW599QebWbr,Lullaby Of The Leaves,Gerry Mulligan Quartet,1952,1950,35.0,0.182,0.524,0.44,0.967,0.901,0.0427,-0.7915884725885302,-0.3690766700159394,low,other
1hwRl3b0RGexUjpYuRyKHX,1hwRl3b0RGexUjpYuRyKHX,I'm Sitting On Top Of The World,"Les Paul, Mary Ford",1953,1950,16.0,0.5539999999999999,0.787,0.75,0.5479999999999999,0.0321,0.0375,0.12139090734621877,0.24292894722368552,middle,other
0pZgGof2cGBF3mBdRnyABg,0pZgGof2cGBF3mBdRnyABg,Temptation,Charlie Parker,1953,1950,15.0,0.373,0.563,0.35700000000000004,0.78,0.596,0.033,-0.4495539287223201,-0.24160052448642727,middle,other
13F8PwZTHnzIFLdZfqMfnY,13F8PwZTHnzIFLdZfqMfnY,Haiti,"Frantz Casseus, Lolita Cuevas",1953,1950,13.0,0.011,0.726,0.525,0.987,9.98e-06,0.0765,-0.5084930119595508,0.4986612404919783,low,calm_positive
2adt6Y0xwFdfIi3Z5dw8ZD,2adt6Y0xwFdfIi3Z5dw8ZD,If I Could Be with You (One Hour Tonight) - 78rpm Version,Doris Day,1954,1950,28.0,0.0331,0.197,0.35200000000000004,0.928,0.0,0.0393,-0.5893255597847618,0.28576685442492916,low,other
5lLCrgPa3epNUXheIEIJX1,5lLCrgPa3epNUXheIEIJX1,Say It Isn't So,Julie London,1955,1950,35.0,0.0581,0.123,0.373,0.969,0.000195,0.0501,-0.6203259462374101,0.28011667002329455,low,other
0j1UxPCe71DJKqPf0I4gnp,0j1UxPCe71DJKqPf0I4gnp,I See Your Face Before Me - Remastered,Frank Sinatra,1955,1950,32.0,0.097,0.0762,0.238,0.8340000000000001,2.7e-05,0.0318,-0.5286438566828114,0.17737399642584328,low,other
4xTTSZHN1W67LsFK2cVF54,4xTTSZHN1W67LsFK2cVF54,Lejos de Ti,"Raul Garces, Los Caballeros Del Tango",1955,1950,33.0,0.145,0.825,0.6990000000000001,0.772,0.00274,0.0829,-0.23638675327824316,0.4529169871772321,low,calm_positive
4f0D7T8yswXUJ62AKLoMtS,4f0D7T8yswXUJ62AKLoMtS,One For Daddy-O - Remastered,Cannonball Adderley,1958,1950,50.0,0.434,0.404,0.616,0.581,0.0,0.031,-0.05031993657461033,0.17650832631876506,middle,other
0X5DcGkbxCXSadgj01ZXd7,0X5DcGkbxCXSadgj01ZXd7,Autumn Leaves,Cannonball Adderley,1958,1950,49.0,0.258,0.281,0.535,0.768,8.950000000000001e-05,0.033,-0.3149413643147673,0.235643391462224,middle,other
2htH7r8oqqEwp3BB6oh2cU,2htH7r8oqqEwp3BB6oh2cU,Come Rain or Come Shine,Ray Charles,1959,1950,55.0,0.21600000000000005,0.28300000000000003,0.35700000000000004,0.767,4.31e-06,0.0343,-0.3593836079272399,0.20680418913373214,low,other
6Srd24SS5VX3tKztnos6gk,6Srd24SS5VX3tKztnos6gk,A Fool In Love - Edit,Ike & Tina Turner,1960,1960,43.0,0.479,0.7879999999999999,0.615,0.588,0.000277,0.0644,0.047657339693954,0.27557712490002917,middle,other
6yKkA8HzwWTZ5taIMaG4Nm,6yKkA8HzwWTZ5taIMaG4Nm,My Foolish Heart,Bill Evans Trio,1961,1960,62.0,0.121,0.139,0.395,0.935,0.397,0.0327,-0.701821680496771,-0.0666672969783567,low,other
3WQTfLbnQTtQwvrDZfQxj2,3WQTfLbnQTtQwvrDZfQxj2,It's Only A Paper Moon - 1998 Digital Remaster,Frank Sinatra,1961,1960,33.0,0.16399999999999998,0.7240000000000001,0.633,0.601,0.0,0.0441,-0.12858101700461874,0.34242845870718625,low,other
6KQm6pnEA12Z4bAzhTYxLy,6KQm6pnEA12Z4bAzhTYxLy,Monster Motion,"Bobby ""Boris"" Pickett, The Crypt-Kickers",1962,1960,35.0,0.374,0.848,0.7020000000000001,0.498,0.0,0.172,0.09044120778665712,0.31916859661966196,middle,other
5mlaaeSzFsH4ouhLrUHCbw,5mlaaeSzFsH4ouhLrUHCbw,It's Now or Never,Elvis Presley,1963,1960,54.0,0.457,0.7879999999999999,0.63,0.515,8.170000000000001e-05,0.0354,0.09337735676491458,0.25472456671129146,middle,other
0MKnGJzNdEqOscI6xu9R3m,0MKnGJzNdEqOscI6xu9R3m,Jingle Bell Rock,Brenda Lee,1964,1960,47.0,0.394,0.826,0.6859999999999999,0.6729999999999999,0.0,0.039,-0.040587499947917736,0.3499633478304872,middle,other
745H5CctFr12Mo7cqa1BMH,745H5CctFr12Mo7cqa1BMH,My Girl,The Temptations,1965,1960,79.0,0.418,0.6940000000000001,0.5720000000000001,0.635,0.0,0.0349,-0.043978977029557664,0.26885306489481287,middle,other
6eE9cM5ycPL5VXigz4fmj9,6eE9cM5ycPL5VXigz4fmj9,"There's Always Tomorrow - From ""Rudolph The Red-Nosed Reindeer"" Soundtrack",Janet Orenstein,1965,1960,39.0,0.234,0.306,0.24,0.962,2.21e-06,0.0337,-0.5087744696939948,0.2520133114204241,low,other
5LI7PoHEolR8plrf3I16sq,5LI7PoHEolR8plrf3I16sq,Fire,Jimi Hendrix,1967,1960,52.0,0.944,0.5720000000000001,0.479,0.00206,0.0283,0.115,0.643856502798267,-0.1536849427124602,high,other
1hES47PrbU8GPTI5A9lsr0,1hES47PrbU8GPTI5A9lsr0,I Never Loved a Man (The Way I Love You),Aretha Franklin,1967,1960,52.0,0.371,0.7090000000000001,0.657,0.3670000000000001,0.0459,0.0359,0.13285126180927997,0.17025137427969914,middle,other
3Y8gNcoJu1uJ5L1BZuGvqB,3Y8gNcoJu1uJ5L1BZuGvqB,Astronomy Domine,Pink Floyd,1967,1960,50.0,0.634,0.0803,0.348,0.378,0.474,0.048,-0.07662185520902626,-0.4799248157953631,middle,other
5K09WxKdlkroDyEVyOSySy,5K09WxKdlkroDyEVyOSySy,(You Make Me Feel Like) A Natural Woman,Aretha Franklin,1968,1960,69.0,0.32299999999999995,0.276,0.65,0.213,0.0,0.0283,0.14959058296589756,0.045266339836241135,middle,other
1PmXm1881bonBI1AlG5uaH,1PmXm1881bonBI1AlG5uaH,"Livin' in the Sunlight, Lovin' in the Moon Light",Tiny Tim,1968,1960,51.0,0.276,0.86,0.603,0.911,0.00237,0.0871,-0.2822675626762297,0.4590428434783654,middle,other
5bUlFE9dGh7pX93PUEVAue,5bUlFE9dGh7pX93PUEVAue,Born On The Bayou,Creedence Clearwater Revival,1969,1960,60.0,0.386,0.552,0.6779999999999999,0.0686,0.109,0.0464,0.3119039286770702,-0.028202192187699184,middle,other
4XMRt4xFqLzGs4wDKkSSeu,4XMRt4xFqLzGs4wDKkSSeu,Give Me Love (Give Me Peace On Earth),George Harrison,1973,1970,61.0,0.57,0.631,0.373,0.4970000000000001,0.0124,0.0441,0.0892537395794893,0.11165846040739473,middle,other
7CQQBWqFfROA5RWyY04ifv,7CQQBWqFfROA5RWyY04ifv,Diamond Girl,Seals and Crofts,1973,1970,49.0,0.386,0.414,0.575,0.463,0.00176,0.0319,0.010505525303226161,0.1385171542792645,middle,other
7Lk0PQDl3jtOr0UoZmQPhs,7Lk0PQDl3jtOr0UoZmQPhs,Diamond Dogs - 2016 Remaster,David Bowie,1974,1970,51.0,0.723,0.429,0.54,0.13,6.52e-06,0.0414,0.4261502702055506,-0.0647188476004817,high,other
5aYVqxyetmT5OYmvZCA90X,5aYVqxyetmT5OYmvZCA90X,Slow Ride,Foghat,1975,1970,54.0,0.642,0.586,0.449,0.00608,0.00707,0.0487,0.49723064241475284,-0.0715800731237832,middle,other
2SU21YLdwyTnqJpS7Jc3lD,2SU21YLdwyTnqJpS7Jc3lD,Ponta de Areia,Wayne Shorter,1975,1970,52.0,0.365,0.261,0.297,0.933,0.0274,0.0325,-0.4338294131647008,0.18712633958166472,middle,other
5Eq0mobXSnyWu1dpE6lSdY,5Eq0mobXSnyWu1dpE6lSdY,Get Closer,Seals and Crofts,1976,1970,54.0,0.4370000000000001,0.63,0.653,0.434,6.74e-05,0.028,0.11433878110443926,0.1922241185782796,middle,other
3pbAV1Q2j1mNW78wqegBGt,3pbAV1Q2j1mNW78wqegBGt,A Love of Your Own,Average White Band,1976,1970,47.0,0.544,0.603,0.523,0.394,0.000438,0.0316,0.17319070501905826,0.115391722720953,middle,other
3ykSdTGmYPFl8pDBXer1zG,3ykSdTGmYPFl8pDBXer1zG,Cocaine,Eric Clapton,1977,1970,67.0,0.502,0.6759999999999999,0.6990000000000001,0.0607,0.0337,0.0278,0.43106353224388516,0.037971547799594,middle,other
58PSYdY0GFg0LFb2PxYk4T,58PSYdY0GFg0LFb2PxYk4T,Mannish Boy,Muddy Waters,1977,1970,64.0,0.735,0.615,0.598,0.44,0.000215,0.0973,0.24703956583779552,0.11319224757350388,high,other
7Me0vOSlJfaPY7Pc4GeItd,7Me0vOSlJfaPY7Pc4GeItd,Marquee Moon,Television,1977,1970,60.0,0.536,0.732,0.49,0.0391,0.371,0.0382,0.32412639484513683,-0.2853874428152153,middle,other
06RdYCp0UxsBtWsonHfSZz,06RdYCp0UxsBtWsonHfSZz,Just the Way You Are,Billy Joel,1977,1970,55.0,0.453,0.513,0.589,0.703,2.54e-05,0.0397,-0.11345377114875539,0.23990364462578223,middle,other
1DkQMumDKBy6wj8QyaVGbx,1DkQMumDKBy6wj8QyaVGbx,There's No Way Out of Here,David Gilmour,1978,1970,49.0,0.443,0.471,0.489,0.021,0.00337,0.0276,0.37032414537022756,-0.038913113516384594,middle,other
0ZXkKRO789QKBR6ME7pIDF,0ZXkKRO789QKBR6ME7pIDF,Goodbye Cruel World,Pink Floyd,1979,1970,56.0,0.0118,0.0701,0.471,0.782,0.799,0.0407,-0.7903400138856227,-0.42526398669242543,low,other
6dw6BquK0Mv72p6HpusqKN,6dw6BquK0Mv72p6HpusqKN,Please Don't Go - Single Version,KC & The Sunshine Band,1979,1970,50.0,0.615,0.4370000000000001,0.482,0.008879999999999999,1.78e-06,0.0398,0.45753896987979237,-0.09218461667822243,middle,other
4mKlzy0qaK1c2Qw5e2VqpF,4mKlzy0qaK1c2Qw5e2VqpF,Killer Queen,Queen,1981,1980,60.0,0.56,0.58,0.564,0.339,0.0,0.0423,0.22371591742513472,0.09646597510703138,middle,other
2KY0QUeRY3IPuJI1gyU9BJ,2KY0QUeRY3IPuJI1gyU9BJ,Steppin' Out,Joe Jackson,1982,1980,53.0,0.223,0.532,0.579,0.0439,0.00232,0.0364,0.2706389672148965,0.062209336566437706,low,other
6G41H0Zd0kQ1WXWDoEotoJ,6G41H0Zd0kQ1WXWDoEotoJ,Time After Time,Cyndi Lauper,1983,1980,61.0,0.454,0.32299999999999995,0.728,0.512,1.39e-06,0.0278,0.01006750875941686,0.1495720396500974,middle,other
4q9QVIaLqjbcoqeCfM2zan,4q9QVIaLqjbcoqeCfM2zan,Creeping Death (Remastered),Metallica,1984,1980,56.0,0.977,0.179,0.31,0.000219,0.273,0.16399999999999998,0.46715727453239503,-0.5011644571586646,high,energetic_somber
2ZTequNqaDxvv5N7tFrsl9,2ZTequNqaDxvv5N7tFrsl9,The Frayed Ends of Sanity (Remastered),Metallica,1988,1980,48.0,0.909,0.672,0.483,5.16e-05,0.0512,0.0484,0.6401747395542248,-0.14523949613470716,high,other
1NCuYqMc8hKMb4cpNTcJbD,1NCuYqMc8hKMb4cpNTcJbD,Another Day in Paradise - 2016 Remaster,Phil Collins,1989,1980,74.0,0.565,0.365,0.78,0.736,0.00269,0.0306,-0.08851485312721301,0.22313800665360045,middle,other
6J6RWKCPN5RFKHUKEUFjxS,6J6RWKCPN5RFKHUKEUFjxS,Step by Step,New Kids On The Block,1990,1990,62.0,0.63,0.882,0.787,0.0274,6.69e-06,0.0609,0.5876811150883394,0.10170250935747395,middle,other
5Ds35L9KpUDKgSxZ6whuoQ,5Ds35L9KpUDKgSxZ6whuoQ,We Die Young,Alice In Chains,1990,1990,58.0,0.938,0.525,0.486,1.7899999999999998e-05,0.000103,0.0704,0.642986562448538,-0.14667243069928138,high,other
5A0aUvnfAEcmUx3hoXjI8R,5A0aUvnfAEcmUx3hoXjI8R,I'm So Into You,SWV,1992,1990,63.0,0.513,0.623,0.85,0.0624,0.00249,0.0513,0.45701190587069346,0.08384461716421827,middle,other
3NTwkFnd4dPcvpg43O3XW3,3NTwkFnd4dPcvpg43O3XW3,Pickin' Up The Pieces,Widespread Panic,1993,1990,50.0,0.633,0.52,0.589,0.0371,0.00172,0.0338,0.4769040924594387,-0.04247741861227752,middle,other
3lGBvPUgO7MJltUnBlOpe9,3lGBvPUgO7MJltUnBlOpe9,Mass Appeal,Gang Starr,1994,1990,61.0,0.726,0.616,0.8079999999999999,0.0208,0.276,0.252,0.4901325560548634,-0.19374436655824093,high,other
6P316E7tFylzpVrDrXVF9s,6P316E7tFylzpVrDrXVF9s,"Just Around the Riverbend - From ""Pocahontas"" / Soundtrack Version",Judy Kuhn,1995,1990,61.0,0.19,0.253,0.308,0.919,1.21e-05,0.0421,-0.49957278900150354,0.2494451106833803,low,other
5cDfI3KOa64zbuUgD6a4hG,5cDfI3KOa64zbuUgD6a4hG,Blue,The Jayhawks,1995,1990,55.0,0.5720000000000001,0.364,0.527,0.225,0.0,0.0269,0.2645192626291181,-0.01581706757923219,middle,other
5wvxRlpUTSX9CE52yFZsIY,5wvxRlpUTSX9CE52yFZsIY,Cell Therapy,Goodie Mob,1995,1990,56.0,0.476,0.48,0.8490000000000001,0.0966,0.0,0.445,0.3908243145978716,0.11923461782602085,middle,other
2TIEeLrOQrGnO2D2OeDDJu,2TIEeLrOQrGnO2D2OeDDJu,Time Marches On,Tracy Lawrence,1996,1990,64.0,0.517,0.479,0.856,0.563,0.000164,0.0293,0.05346659828002055,0.2229427134569017,middle,other
7xdQBiKGzfN8ripbLkihWu,7xdQBiKGzfN8ripbLkihWu,Seminole Wind,John Anderson,1996,1990,56.0,0.575,0.3720000000000001,0.619,0.32299999999999995,1.39e-06,0.0319,0.20695799078537086,0.04170940002480918,middle,other
5cZqsjVs6MevCnAkasbEOX,5cZqsjVs6MevCnAkasbEOX,Break Stuff,Limp Bizkit,1999,1990,73.0,0.884,0.624,0.4320000000000001,0.0127,0.0005269999999999999,0.13,0.6209768397267623,-0.1066965378253455,high,other
2vEUFrRByOKob8yqOd6LuA,2vEUFrRByOKob8yqOd6LuA,Ghost Town,The Specials,2000,2000,63.0,0.7659999999999999,0.905,0.665,0.0492,0.338,0.0505,0.5030191389705289,-0.22419948399804032,high,other
5S0cvScXb33JVpjTiY9Ivi,5S0cvScXb33JVpjTiY9Ivi,Separated,Avant,2000,2000,55.0,0.48,0.643,0.7979999999999999,0.247,0.0,0.0276,0.2992808819155604,0.1506823306157628,middle,other
1jlG3KJ3gdYmhfuySFfpO1,1jlG3KJ3gdYmhfuySFfpO1,I'm with You,Avril Lavigne,2002,2000,70.0,0.406,0.208,0.457,0.08,0.0,0.0291,0.2491972739046218,-0.08399074338303236,middle,other
4FNm4ZJaUVLDCMXcqwS6zY,4FNm4ZJaUVLDCMXcqwS6zY,Stir It Up,Bob Marley & The Wailers,2002,2000,64.0,0.463,0.926,0.7509999999999999,0.642,0.208,0.104,-0.027552056669369787,0.20083235581906272,middle,other
57Xjny5yNzAcsxnusKmAfA,57Xjny5yNzAcsxnusKmAfA,Reptilia,The Strokes,2003,2000,74.0,0.6659999999999999,0.741,0.486,0.000563,0.789,0.033,0.2665165172935419,-0.6739097218432902,middle,other
4KliQFRlvNKnlVYzMMbSMq,4KliQFRlvNKnlVYzMMbSMq,A Favor House Atlantic,Coheed and Cambria,2003,2000,58.0,0.97,0.14400000000000002,0.294,0.0007059999999999999,0.0,0.265,0.5547694104571562,-0.2748970692220322,high,energetic_somber
7iU5Lm0gZ5HRu9YPlO8NpI,7iU5Lm0gZ5HRu9YPlO8NpI,Santa Monica - Remastered,Everclear,2004,2000,68.0,0.961,0.33,0.419,0.0838,0.0,0.117,0.5417981170664242,-0.18401136681628275,high,other
1CjQCQsl9FDb3WhjGcFOzG,1CjQCQsl9FDb3WhjGcFOzG,There Goes My Life,Kenny Chesney,2004,2000,57.0,0.483,0.218,0.5770000000000001,0.0337,6.22e-06,0.0324,0.3409684346139163,-0.08969988123161754,middle,other
4RCWB3V8V0dignt99LZ8vH,4RCWB3V8V0dignt99LZ8vH,Hey There Delilah,Plain White T's,2005,2000,81.0,0.29100000000000004,0.298,0.6559999999999999,0.872,0.0,0.0293,-0.35639215108930905,0.2957347595447004,middle,other
0DkmhHO4yyqCJFjosmmWPU,0DkmhHO4yyqCJFjosmmWPU,Almost Easy,Avenged Sevenfold,2007,2000,63.0,0.959,0.338,0.378,3.5600000000000005e-05,0.000138,0.062,0.5987125381306527,-0.22759565953754723,high,other
25oOaleife6E2MIKmFkPvg,25oOaleife6E2MIKmFkPvg,Relationship (feat. Future),"Young Thug, Future",2017,2010,75.0,0.597,0.298,0.8420000000000001,0.00252,0.0,0.0627,0.4751427627578523,-0.04443906507837757,middle,other
0fnFSQ6gujVisWKqWVgdkN,0fnFSQ6gujVisWKqWVgdkN,Часть 52.4 - Фиеста,Эрнест Хемингуэй,1926,1920,0.0,0.278,0.416,0.721,0.218,0.0,0.944,0.1794596632878929,0.23019238555153787,middle,other
2N8aRUZstu1zrNMS61GdJL,2N8aRUZstu1zrNMS61GdJL,Gurrumina - Instrumental (Remasterizado),Francisco Canaro,1927,1920,0.0,0.233,0.8170000000000001,0.7609999999999999,0.995,0.956,0.112,-0.6996545968712337,-0.2572105128712689,low,calm_positive
0Kk1Tp4m2uk5I6UwpXs3TS,0Kk1Tp4m2uk5I6UwpXs3TS,Com Que Roupa?,Noel Rosa,1930,1930,4.0,0.36,0.86,0.606,0.988,0.0023,0.0559,-0.2988941981041891,0.46243637389007486,middle,other
1yZyJXrTOChGEi0ZHe4opB,1yZyJXrTOChGEi0ZHe4opB,Nido de Amor - Remasterizado,Ignacio Corsini,1931,1930,0.0,0.193,0.879,0.6940000000000001,0.993,0.349,0.0867,-0.4940859617084389,0.2493416272841869,low,calm_positive
2ILxuejNwsEJfYw2W7CoFi,2ILxuejNwsEJfYw2W7CoFi,Tea For Two,"Jack Teagarden, Red Nichols & His Five Pennies",1932,1930,0.0,0.0943,0.405,0.563,0.992,0.906,0.0476,-0.8631091624644606,-0.34672233491424226,low,other
2zjWioNUL12eB8sRpRVejY,2zjWioNUL12eB8sRpRVejY,Last Chance,Frankie Goes To Bollywood,1934,1930,0.0,0.529,0.614,0.763,0.863,0.73,0.0427,-0.4159514058641077,-0.2552025633913296,middle,other
3aUOXv1BCuyhccjcaNKND7,3aUOXv1BCuyhccjcaNKND7,"Chopin: 24 Preludes, Op. 28: No. 19 in E-Flat Major","Frédéric Chopin, Alfred Cortot",1934,1930,2.0,0.116,0.397,0.267,0.988,0.888,0.0306,-0.8863655722897704,-0.4090175048886157,low,other
0LOCLC8KuNcRCRNSJniQaY,0LOCLC8KuNcRCRNSJniQaY,I Loves You Porgy,Carl Verheyen,1935,1930,3.0,0.229,0.111,0.471,0.939,0.736,0.036000000000000004,-0.7699633980709171,-0.3607394536993748,low,other
3Dd4LMqWBf8KnrXEVuJ3ny,3Dd4LMqWBf8KnrXEVuJ3ny,Tristeza do Jeca,Paraguassu,1938,1930,0.0,0.103,0.362,0.468,0.996,2.01e-05,0.0348,-0.5551600278745048,0.36259923002523625,low,other
6AUYtnjshAVaMBzaO0Z5Op,6AUYtnjshAVaMBzaO0Z5Op,Night and Day - Take 1,Billie Holiday,1939,1930,3.0,0.145,0.399,0.409,0.971,3.63e-06,0.0351,-0.5161405049739559,0.3402068210743239,low,other
1Dl61Mrya4RKoLUVBsIo7A,1Dl61Mrya4RKoLUVBsIo7A,Jaoon Kahan Tyaj Charan Tumhare,Vishnupant Pagnis,1939,1930,0.0,0.127,0.29600000000000004,0.338,0.988,0.795,0.0385,-0.8582706567000867,-0.34579007056318434,low,other
02jPpTMnhopiLuimWAtlHs,02jPpTMnhopiLuimWAtlHs,Ellinopoyles omorfes,Roza Eskenazi,1940,1940,0.0,0.4,0.887,0.578,0.991,0.938,0.0447,-0.6199497628087771,-0.31567999597024243,middle,other
0zrdcfLLi0JhIoNOV6BfZ8,0zrdcfLLi0JhIoNOV6BfZ8,"Minuet from ""Le Tombeau de Couperin""","Maurice Ravel, Oscar Levant",1942,1940,0.0,0.0371,0.124,0.47,0.994,0.894,0.0383,-0.9607144982326138,-0.4199011979803526,low,other
1AeWBPaha9o2JbF2tVAdPX,1AeWBPaha9o2JbF2tVAdPX,Putli Ka Nach,Anil Biswas,1942,1940,0.0,0.675,0.758,0.47,0.8640000000000001,0.00126,0.211,-0.08770339193528169,0.3033115436581994,middle,other
2T9TUlgRebwmggHK9x1WLy,2T9TUlgRebwmggHK9x1WLy,Duck Skrikes Back,אומן האור ומלך הסבון,1943,1940,0.0,0.8859999999999999,0.329,0.517,0.000151,0.7959999999999999,0.0441,0.29068526314256793,-0.8372846866758387,high,other
3cPcg28dWANal2kAIPrzop,3cPcg28dWANal2kAIPrzop,Elisa - Versão portuguesa,Academia dos Renascidos,1943,1940,0.0,0.224,0.334,0.586,0.923,0.000351,0.227,-0.42661218132891504,0.349906385699953,low,other
1uK4m6k1nOEgdl9oqzKtY0,1uK4m6k1nOEgdl9oqzKtY0,Amor Impossível,Isaura Garcia,1944,1940,1.0,0.318,0.701,0.48,0.988,0.29600000000000004,0.039,-0.4777285065947993,0.1582321958506543,middle,other
3qRnMBjTv0I3dNCoGKtMdv,3qRnMBjTv0I3dNCoGKtMdv,Ahl El Hawa,Umm Kulthum,1944,1940,1.0,0.616,0.569,0.451,0.98,0.35100000000000003,0.374,-0.37060708044909285,0.03762244769582559,middle,other
0L0Ju4xdQQBH2XGdiDaZLp,0L0Ju4xdQQBH2XGdiDaZLp,Vstrecha s Gertsogom i Gertsoginey,"Orkestr Borisa Shermana, Boris Sherman, Rostislav Pljatt, Vasiliy Kachalov, Mikhail Janshin, Mikhail Nazvanov",1945,1940,0.0,0.175,0.47,0.703,0.985,8.47e-06,0.897,-0.4402622829248462,0.5338528175444865,low,other
01uAje4mIwZnaya8JqqoZe,01uAje4mIwZnaya8JqqoZe,"Overture (from ""Candide"")","Candide Orchestra, Samuel Krachmalnick",1947,1940,2.0,0.474,0.433,0.36,0.813,0.626,0.0737,-0.46166409406259407,-0.3086812956412068,middle,other
09h9LKPEqtWzchy2b7SxMt,09h9LKPEqtWzchy2b7SxMt,Kapitel 15 - Die läßliche Sünde,Honoré de Balzac,1947,1940,0.0,0.0689,0.275,0.544,0.0334,2.24e-05,0.453,0.15196649021745665,0.07501294539752362,low,other
5tdTHHWFynwNikK7MEjYU4,5tdTHHWFynwNikK7MEjYU4,"Calligrammes, FP 140: V. La Grâce exilée","Francis Poulenc, Pierre Bernac",1949,1940,13.0,0.456,0.113,0.479,0.984,0.0188,0.112,-0.4283599725256096,0.20067930001290565,middle,other
4z49AJfMBe3zNBA2QHIkHu,4z49AJfMBe3zNBA2QHIkHu,"Le tombeau de Couperin, M. 68a: II. Forlane","Maurice Ravel, Charles Gerhardt, National Philharmonic Orchestra",1949,1940,12.0,0.0685,0.0967,0.4270000000000001,0.971,0.923,0.036000000000000004,-0.9502857980467222,-0.4769616098308512,low,other
22h1PfmSigkiqKNsufUoAH,22h1PfmSigkiqKNsufUoAH,Bachpan Ke Din Bhula Na Dena - Duet,"Lata Mangeshkar, Shamshad Begum",1951,1950,6.0,0.591,0.823,0.672,0.935,1.6e-05,0.0309,-0.14330048916818197,0.38973724147284156,middle,other
5btp7YNaxurHLRAftsprRx,5btp7YNaxurHLRAftsprRx,Tree at My Window,Robert Frost,1951,1950,5.0,0.0476,0.132,0.716,0.894,0.0,0.893,-0.5038919598254328,0.4438809713589355,low,other
3Y3TN9DaKjZQd0gODkoA7u,3Y3TN9DaKjZQd0gODkoA7u,When You're Smiling (The Whole World Smiles With You),Dean Martin,1952,1950,10.0,0.0903,0.158,0.344,0.738,0.00129,0.0307,-0.4281561408097142,0.18932673597349603,low,other
4g3d8tjGIQLLabdwJEukKm,4g3d8tjGIQLLabdwJEukKm,Gypsum Davy,Jean Ritchie,1952,1950,6.0,0.0909,0.8290000000000001,0.5429999999999999,0.903,0.0,0.0544,-0.3821460643013675,0.4779411640375345,low,calm_positive
43wjhgPAKbS0JzgZtFG2X3,43wjhgPAKbS0JzgZtFG2X3,All Of You - RVG Remaster,The Modern Jazz Quartet,1955,1950,21.0,0.0748,0.17600000000000002,0.501,0.959,0.0532,0.0506,-0.5947349710192217,0.27176874176596444,low,other
15XBdkGcDy4WZJlWjF1gZc,15XBdkGcDy4WZJlWjF1gZc,Yeh Hai Bombay Meri Jaan,"Mohammed Rafi, Geeta Dutt",1956,1950,21.0,0.384,0.882,0.64,0.813,0.000275,0.058,-0.14526498263113677,0.4095160862532399,middle,other
55eEQQL5pUxEeRkwZncWi2,55eEQQL5pUxEeRkwZncWi2,You'll Have To Swing It (Mr. Paganini) - Pt. 1 & 2,Ella Fitzgerald,1957,1950,30.0,0.138,0.452,0.469,0.83,0.0,0.0587,-0.39355332922372027,0.32237634073526017,low,other
2wP269aoVYeJU7Klzm2BC7,2wP269aoVYeJU7Klzm2BC7,"Intermezzo No. 1 in E-Flat Major, Op. 117 - Andante moderato - Remastered","Johannes Brahms, Glenn Gould",1961,1960,32.0,0.0146,0.142,0.448,0.993,0.885,0.0691,-0.9665323334309988,-0.40335030346521206,low,other
4CWaV1xRCEJQj0QJJif60x,4CWaV1xRCEJQj0QJJif60x,Living Loving Maid (She's Just a Woman) - 1993 Remaster,Led Zeppelin,1969,1960,44.0,0.828,0.916,0.476,0.000124,2.35e-05,0.0357,0.6688628389119717,-0.020349206636596527,high,other
5ywoRjfVIlcJiSAxwPT3Pt,5ywoRjfVIlcJiSAxwPT3Pt,Mr. Bojangles - Remastered,Nina Simone,1971,1970,59.0,0.304,0.246,0.461,0.21600000000000005,2.18e-05,0.0332,0.10523442218163905,0.0014403775185580702,middle,other
5Lj3UxGkG7ypLfjV1ajDvb,5Lj3UxGkG7ypLfjV1ajDvb,Rapid Roy (That Stock Car Boy),Jim Croce,1972,1970,44.0,0.83,0.967,0.657,0.307,0.00692,0.0374,0.4726495608456316,0.13731324679161847,high,other
0SojSZcka4j8l8Sl0W9jUZ,0SojSZcka4j8l8Sl0W9jUZ,Rip This Joint,The Rolling Stones,1972,1970,45.0,0.952,0.906,0.5479999999999999,0.118,0.8370000000000001,0.0422,0.345251037818454,-0.6825679621321405,high,other
55ROr3cl3yi4YRBgfpDy1d,55ROr3cl3yi4YRBgfpDy1d,Call The Doctor,J.J. Cale,1972,1970,48.0,0.188,0.615,0.466,0.198,0.657,0.0547,-0.09853385169445557,-0.41249418059166754,low,other
3JopqzWJoLg6EwemDUHRj1,3JopqzWJoLg6EwemDUHRj1,Ain't No God In Mexico,Waylon Jennings,1973,1970,43.0,0.424,0.774,0.759,0.632,0.0195,0.0406,-0.0027077873324321783,0.31429663093185944,middle,other
7be37I5s79jQKQCWovxUpL,7be37I5s79jQKQCWovxUpL,Sweet Surrender,John Denver,1974,1970,45.0,0.444,0.613,0.192,0.843,0.00866,0.0338,-0.2611073595713711,0.22283592755079956,middle,other
4RCxgNGNzgIeyDGajCPC5F,4RCxgNGNzgIeyDGajCPC5F,"My Head Hurts, My Feet Stink And I Don't Love Jesus",Jimmy Buffett,1976,1970,42.0,0.494,0.848,0.589,0.523,4.77e-05,0.03,0.11237257917571672,0.25484997180120855,middle,other
5eyQT4AgA02K3ciYxjKZZV,5eyQT4AgA02K3ciYxjKZZV,Ship Of Fools,Bob Seger,1976,1970,41.0,0.6890000000000001,0.627,0.618,0.335,0.0,0.0309,0.30755884218863083,0.08639858808925134,middle,other
2lLWfAW32oxUCv0iYQQwSX,2lLWfAW32oxUCv0iYQQwSX,You Got That Right,Lynyrd Skynyrd,1977,1970,44.0,0.7020000000000001,0.954,0.537,0.0244,0.0505,0.033,0.5866434046198326,0.0015094876904408717,middle,other
0COz4TqztAVCr6PQFcCJjK,0COz4TqztAVCr6PQFcCJjK,Woods,George Winston,1980,1980,44.0,0.326,0.0954,0.17800000000000002,0.988,0.918,0.0608,-0.8690813315983,-0.5830811037896139,middle,other
4QQMBEWazb499w4x1YU4sP,4QQMBEWazb499w4x1YU4sP,Moon,George Winston,1980,1980,43.0,0.294,0.295,0.264,0.983,0.901,0.0494,-0.8211091548262007,-0.4913263550405475,middle,other
0nN2D5xwVtLrgUw0TIQ5CI,0nN2D5xwVtLrgUw0TIQ5CI,Winelight,"Grover Washington, Jr.",1980,1980,48.0,0.381,0.635,0.7659999999999999,0.18,0.0831,0.0805,0.2654566546940141,0.08051847749752268,middle,other
2YnONzNDNwNELVLOS7wIgZ,2YnONzNDNwNELVLOS7wIgZ,Fantasy Girl,38 Special,1980,1980,39.0,0.775,0.845,0.418,0.0531,0.00125,0.0333,0.579344508584189,-0.02177461783529722,high,other
5u8Dwz4h41DDOKfeFfexMR,5u8Dwz4h41DDOKfeFfexMR,Invisible Sun,The Police,1981,1980,50.0,0.396,0.149,0.573,0.425,0.267,0.031,-0.10836838771492761,-0.16769391323973998,middle,other
5sbSBWrSuu6D4G56wAnXwQ,5sbSBWrSuu6D4G56wAnXwQ,Sweet Life,Paul Davis,1982,1980,45.0,0.512,0.569,0.454,0.251,0.0,0.0249,0.24819562580123414,0.04721263632195906,middle,other
4PFhHd7DsNg0ke9Nmlxms5,4PFhHd7DsNg0ke9Nmlxms5,Blue Eyes - Remastered 2003,Elton John,1982,1980,56.0,0.229,0.159,0.518,0.575,0.00363,0.027000000000000003,-0.21348244186937773,0.1334902071148034,low,other
3aI6N8o4ZlkPdq479tqKze,3aI6N8o4ZlkPdq479tqKze,Nowhere Fast - 2011 Remaster,The Smiths,1985,1980,49.0,0.893,0.8320000000000001,0.503,0.0134,4.17e-05,0.0454,0.6772174720229188,-0.04714878890860023,high,other
4aLQ6VBFJl7i8msvDOjIsp,4aLQ6VBFJl7i8msvDOjIsp,(You're Puttin') A Rush On Me,"Stephanie Mills, Louil Silas Jr.",1987,1980,46.0,0.603,0.474,0.7509999999999999,0.025,0.00836,0.0549,0.4822379419130073,-0.018458728677731337,middle,other
4pLWKQTxzR0kFoDeDAJvVk,4pLWKQTxzR0kFoDeDAJvVk,Never Let Me Down Again - Tsangarides Mix,Depeche Mode,1987,1980,47.0,0.936,0.784,0.573,0.294,0.0327,0.0321,0.4749717056779641,0.016395341747826,high,other
2sRQWq9NELigoO4xRB9s3r,2sRQWq9NELigoO4xRB9s3r,Waltz Across Texas,Ernest Tubb,1987,1980,42.0,0.395,0.589,0.621,0.64,0.0,0.0311,-0.0743397247118456,0.258356630753302,middle,other
5agRdN48WN57DGLja3klwV,5agRdN48WN57DGLja3klwV,More Than Words - Remix,Extreme,1990,1990,56.0,0.29100000000000004,0.416,0.6659999999999999,0.56,0.0,0.0268,-0.09555227468029019,0.21822088303303486,middle,other
0vNHCXmNzVa8h54SE3JDm7,0vNHCXmNzVa8h54SE3JDm7,"Endless, Nameless",Nirvana,1991,1990,49.0,0.959,0.0642,0.271,0.000256,0.8540000000000001,0.125,0.21680696278932313,-1.0189051634581061,high,energetic_somber
0rfSlaAqQSgi7AfPPgH4mc,0rfSlaAqQSgi7AfPPgH4mc,La Única Estrella,Grupo Libra,1991,1990,50.0,0.573,0.217,0.459,0.444,0.0,0.0267,0.05984758170307293,0.007156116380487495,middle,other
3Z3U63cz4uwxA9d9DYQMcZ,3Z3U63cz4uwxA9d9DYQMcZ,Quiero,Ricardo Arjona,1992,1990,59.0,0.631,0.177,0.555,0.364,0.0,0.0494,0.1540779126946681,-0.022232251211175582,middle,other
4FQJyi8gnbhKy623wNx6Ps,4FQJyi8gnbhKy623wNx6Ps,All I Want For Christmas (Is My Two Front Teeth) - Remastered,Nat King Cole Trio,1993,1990,47.0,0.0869,0.502,0.752,0.967,0.0,0.071,-0.47136902772628786,0.4620440273524309,low,other
7bJSiwLFnhoO7g83bWkCtA,7bJSiwLFnhoO7g83bWkCtA,Love Will Keep Us Alive,Eagles,1994,1990,62.0,0.374,0.3670000000000001,0.6579999999999999,0.721,1.28e-05,0.026,-0.18718117620337463,0.23999488227230578,middle,other
1skQgtTyuxpGsKgWUEhz7s,1skQgtTyuxpGsKgWUEhz7s,Y Volveré,Los Angeles Negros,1994,1990,62.0,0.258,0.377,0.586,0.5329999999999999,2.05e-05,0.0286,-0.11090195624442661,0.18859895153774076,middle,other
5y9ivD2g37FSCEJpfhG7d5,5y9ivD2g37FSCEJpfhG7d5,Selling The Drama,Live,1994,1990,49.0,0.907,0.366,0.451,0.0109,0.000338,0.0647,0.5810078167248651,-0.18684241322705678,high,other
5q7Fuxm9jsbkui4OfsBvrG,5q7Fuxm9jsbkui4OfsBvrG,Temporada En La Sierra,Los Tucanes De Tijuana,1995,1990,50.0,0.596,0.88,0.653,0.109,0.0,0.0842,0.49074847314243913,0.11185536004320643,middle,other
74wVQ70UcpENCcJFOZCsW3,74wVQ70UcpENCcJFOZCsW3,Ebrio De Amor,Ezequiel Peña,1996,1990,55.0,0.313,0.422,0.5770000000000001,0.7090000000000001,0.0,0.0385,-0.2077963298626118,0.2492552388892961,middle,other
2jj0e9hO5c63iRJwwXApSV,2jj0e9hO5c63iRJwwXApSV,Out There,Project Pat,1999,1990,49.0,0.654,0.444,0.8140000000000001,0.256,0.0,0.35,0.34448608850777024,0.10228016118670966,middle,other
180mXjN61yhrKhbY2yQc0E,180mXjN61yhrKhbY2yQc0E,Hopeless Romantic,The Bouncing Souls,1999,1990,50.0,0.981,0.21600000000000005,0.243,0.000164,1.11e-05,0.07400000000000001,0.5651466355990783,-0.29439523692696734,high,energetic_somber
5NQdweL8O7nGdM7e4IS1lf,5NQdweL8O7nGdM7e4IS1lf,It's So Hard (featuring Donell Jones),"Big Pun, Donell Jones",2000,2000,53.0,0.593,0.633,0.9,0.0554,0.0,0.333,0.5167850807408066,0.11385478439576992,middle,other
5cvMzT7kEvcxcdtcJz1vQY,5cvMzT7kEvcxcdtcJz1vQY,After Party,Koffee Brown,2001,2000,54.0,0.552,0.601,0.802,0.0492,1.7e-06,0.0503,0.47569507204486866,0.054764257664334494,middle,other
27mgDrExPa3obPAYXd3yQg,27mgDrExPa3obPAYXd3yQg,Square Dance,Eminem,2002,2000,60.0,0.675,0.7240000000000001,0.763,0.0307,0.0,0.223,0.5737193020817715,0.06463605807681015,middle,other
0tuEEuDijBNJxcLSIrMNsU,0tuEEuDijBNJxcLSIrMNsU,Sweet Southern Comfort,Buddy Jewell,2003,2000,50.0,0.612,0.366,0.495,0.41,0.0,0.0303,0.1410742691234009,0.034153014978298875,middle,other
0W5Pa3GW06IQ7BS5CbTTOM,0W5Pa3GW06IQ7BS5CbTTOM,4th Of July / He Stopped Loving Her Today - Medley,"Shooter Jennings, George Jones",2005,2000,54.0,0.872,0.623,0.476,0.0104,0.0,0.0455,0.6214284509291563,-0.10550643937894451,high,other
5wvYib82q05wiNjLElD8GJ,5wvYib82q05wiNjLElD8GJ,Dig,Incubus,2006,2000,61.0,0.895,0.463,0.45,0.0293,0.0,0.0386,0.581152595566648,-0.15439833805932465,high,other
2L3bghVRLkBbIQzSaEUytZ,2L3bghVRLkBbIQzSaEUytZ,Here (In Your Arms),Hellogoodbye,2006,2000,51.0,0.608,0.794,0.701,0.206,0.0041,0.0374,0.41002989438224496,0.12151817089664015,middle,other
6reuJxDtjebwc9FB6rNpp0,6reuJxDtjebwc9FB6rNpp0,Don't Blink,Kenny Chesney,2007,2000,57.0,0.605,0.647,0.604,0.115,1.22e-05,0.0352,0.43394720470350184,0.03150969544148536,middle,other
5NhZkLMccDVhxocmVHDu4G,5NhZkLMccDVhxocmVHDu4G,Livin' Our Love Song,Jason Michael Carroll,2007,2000,52.0,0.855,0.799,0.488,0.287,0.0,0.0399,0.44356478495039714,0.04693232954425665,high,other
6fvxos1qSHrIgOkKw4dhWS,6fvxos1qSHrIgOkKw4dhWS,Waking Up In Vegas,Katy Perry,2008,2000,53.0,0.878,0.59,0.524,0.0012,0.0,0.0346,0.6309076402720567,-0.10991321535834443,high,other
3df4fSoW5zsdNi5Wf3K5RP,3df4fSoW5zsdNi5Wf3K5RP,Tú No Eres Para Mi,Fanny Lu,2008,2000,66.0,0.905,0.914,0.8590000000000001,0.0474,0.0,0.0336,0.7245275598691706,0.06199432679218327,high,other
5GChYjT0HJVDtJMjcfhYmS,5GChYjT0HJVDtJMjcfhYmS,La Pregunta,J Alvarez,2011,2010,63.0,0.643,0.8340000000000001,0.7390000000000001,0.0688,0.0,0.15,0.5477293014405892,0.10110886214027319,middle,other
3R1k8P1MrDdLSRhlTaaWAS,3R1k8P1MrDdLSRhlTaaWAS,Who Gon Stop Me,"JAY-Z, Kanye West",2011,2010,59.0,0.73,0.377,0.593,0.0408,0.000156,0.159,0.49525699018473746,-0.08545786804141825,high,other
5JUufCEin0aXyFLXCzJbUL,5JUufCEin0aXyFLXCzJbUL,Fashionably Late,Falling In Reverse,2013,2010,63.0,0.97,0.568,0.675,0.00777,0.0,0.0613,0.6883493818792286,-0.09918594824849103,high,other
6NyhBA9M6KK0fuVsojxL00,6NyhBA9M6KK0fuVsojxL00,January 28th,J. Cole,2014,2010,63.0,0.546,0.373,0.478,0.26,0.0,0.354,0.22626448055690188,0.03689393118967785,middle,other
3wpLkju0bJy89kjgdRys0j,3wpLkju0bJy89kjgdRys0j,September,"Earth, Wind & Fire",2014,2010,67.0,0.831,0.98,0.6940000000000001,0.165,0.000892,0.0301,0.5899347964718497,0.10216534313135126,high,other
2pA4ip3VIEVcIa3qE02oAX,2pA4ip3VIEVcIa3qE02oAX,"10,000 Emerald Pools",BØRNS,2015,2010,65.0,0.578,0.555,0.568,0.006940000000000001,0.000353,0.0404,0.4775048552280643,-0.032873730957740745,middle,other
6mzaCRuLTRiz1caGOum3zT,6mzaCRuLTRiz1caGOum3zT,The Way (feat. Chance the Rapper),"Kehlani, Chance the Rapper",2015,2010,63.0,0.5379999999999999,0.516,0.746,0.389,0.0,0.32,0.19232178786161064,0.17887029565408702,middle,other
6YH2r9NyEJTjlRmKOCvxgJ,6YH2r9NyEJTjlRmKOCvxgJ,We Know The Way,"Opetaia Foa'i, Lin-Manuel Miranda",2016,2010,66.0,0.578,0.391,0.6890000000000001,0.36,0.0,0.0368,0.19450551610629793,0.07553367822892511,middle,other
2yLa0QULdQr0qAIvVwN6B5,2yLa0QULdQr0qAIvVwN6B5,...Ready For It?,Taylor Swift,2017,2010,71.0,0.764,0.417,0.613,0.0527,0.0,0.136,0.5139210562810926,-0.07719386135732563,high,other
1BuZAIO8WZpavWVbbq3Lci,1BuZAIO8WZpavWVbbq3Lci,Powerglide (feat. Juicy J) - From SR3MM,"Rae Sremmurd, Swae Lee, Slim Jxmmi, Juicy J",2018,2010,70.0,0.831,0.584,0.713,0.0168,0.0,0.15,0.6233249236654405,-0.03733285206259658,high,other
0CvaOecRnYE1fyErhpXgbK,0CvaOecRnYE1fyErhpXgbK,Moonlight Shawty,"Fatboibari, Shiloh",2018,2010,70.0,0.195,0.129,0.6859999999999999,0.841,0.00109,0.151,-0.40991716413847457,0.28423280185858785,low,other
69vlMrzHwATKzupwNcUPyK,69vlMrzHwATKzupwNcUPyK,La Santa,"Bad Bunny, Daddy Yankee",2020,2020,84.0,0.868,0.586,0.7440000000000001,0.0326,0.0,0.047,0.6325987585034517,-0.04671139217917621,high,other
2GmRvFE2iZTIqZZlDwj1Yv,2GmRvFE2iZTIqZZlDwj1Yv,Bought A Bad Bitch,"Future, Lil Uzi Vert",2020,2020,20.0,0.705,0.721,0.8640000000000001,0.0851,1.97e-06,0.0671,0.5583257024173668,0.07816361413412971,middle,other
2I6gZKKBu7kXaM2GHMZ49I,2I6gZKKBu7kXaM2GHMZ49I,Hijos de Nadie - Remasterizado,Ignacio Corsini,1928,1920,0.0,0.192,0.742,0.586,0.995,0.000741,0.196,-0.4114945946340565,0.489508172759986,low,calm_positive
4Xdc4CZ9PbXjrXMyQpHrCU,4Xdc4CZ9PbXjrXMyQpHrCU,Часть 45.2 - На Западном фронте без перемен,Эрих Мария Ремарк,1929,1920,0.0,0.238,0.6559999999999999,0.648,0.0214,0.0,0.951,0.34794886872618097,0.21947637070727846,low,other
1HDpEMdJp1nzvEheZ9RQrS,1HDpEMdJp1nzvEheZ9RQrS,Dancing On The Ceiling,Andrea Wolper,1930,1930,0.0,0.0949,0.14300000000000002,0.473,0.958,0.0040100000000000005,0.0403,-0.577245372736657,0.29037145391868285,low,other
3Ecl3xDbJYxz2Wt25eFSeF,3Ecl3xDbJYxz2Wt25eFSeF,Часть 2.8 - Обратный путь,Эрих Мария Ремарк,1931,1930,0.0,0.103,0.522,0.698,0.8340000000000001,0.0,0.947,-0.3510448022015714,0.5171968468437402,low,other
4BaqwmQBkTDACFRoJ0T8aQ,4BaqwmQBkTDACFRoJ0T8aQ,Часть 21.3 - Обратный путь,Эрих Мария Ремарк,1931,1930,0.0,0.172,0.51,0.693,0.735,0.0,0.956,-0.24562825553008055,0.4616120557428987,low,other
6fTRjNkz5IdMQICfNs41VI,6fTRjNkz5IdMQICfNs41VI,Time 2 Go - LOL Edit,Nomy,1934,1930,2.0,0.6990000000000001,0.7,0.57,0.149,0.0,0.0601,0.46152852120909105,0.03037949433184061,middle,other
1N2qol5USHCSP4h9baKtIm,1N2qol5USHCSP4h9baKtIm,Alma Del Bandoneón,Orquesta Francisco Canaro,1935,1930,2.0,0.212,0.599,0.5870000000000001,0.917,0.725,0.0389,-0.6389152639150425,-0.1971765046872265,low,other
1dXYKKKhCLEg5DMkw24JmT,1dXYKKKhCLEg5DMkw24JmT,"Das ist bei uns nicht möglich, Kapitel 15","Sinclair Lewis, Frank Arnold",1935,1930,0.0,0.209,0.388,0.653,0.657,1.12e-06,0.959,-0.1999163255639796,0.3831179017621055,low,other
2HpZXPQxIgviFVs70nMmSQ,2HpZXPQxIgviFVs70nMmSQ,Quién Pudiera Llorar,"Margarita Cueto, Luis Àlvarez",1935,1930,0.0,0.913,0.527,0.768,0.845,8.22e-06,0.166,0.03680102340712379,0.2367986804410937,high,other
1Lp7BjQzkRvZ1oru6SWgix,1Lp7BjQzkRvZ1oru6SWgix,Capítulo 5.3 - la Sombra Fuera del Tiempo,H.P. Lovecraft,1936,1930,0.0,0.304,0.5489999999999999,0.677,0.52,0.0,0.947,-0.013051213822435901,0.3580700215518334,middle,other
5noY3HlTIAG7zWTvo5Esuw,5noY3HlTIAG7zWTvo5Esuw,Lovin' Mama Blues,Hot Lips Page,1937,1930,0.0,0.173,0.6859999999999999,0.72,0.981,2.09e-05,0.0622,-0.4054428062345944,0.48721703008785944,low,other
6n1Q3V6AQEOLshL32QkJu8,6n1Q3V6AQEOLshL32QkJu8,Ek Bans Ki Thi Patli Si Nali,K.C.Dey,1937,1930,0.0,0.13,0.344,0.55,0.987,0.7959999999999999,0.102,-0.8154407766022399,-0.27930295637302177,low,other
6l1itRk93gO7R6K5eh1GOz,6l1itRk93gO7R6K5eh1GOz,Tebeany Leih,Umm Kulthum,1938,1930,0.0,0.0653,0.246,0.486,0.995,0.17,0.0598,-0.6561726190154069,0.20775914818478386,low,other
7KtSszLZwBArTWbZCWWdzW,7KtSszLZwBArTWbZCWWdzW,Dig a Little Deeper,Sierra Nelson,1938,1930,0.0,0.532,0.8,0.608,0.0516,0.0,0.0996,0.47952860995053903,0.07753719782266387,middle,other
2Hmr7rF0pcRhAK8a1nQCq3,2Hmr7rF0pcRhAK8a1nQCq3,Lonely,Lew Stone,1939,1930,2.0,0.11,0.269,0.29100000000000004,0.965,0.0601,0.0366,-0.5945655390317115,0.23609567958857663,low,other
0mn9w1CbkHMvaGXduOsxrI,0mn9w1CbkHMvaGXduOsxrI,Xarami,Sofia Vempo,1940,1940,0.0,0.285,0.779,0.451,0.993,0.0845,0.05,-0.4083677377241966,0.3580310156373351,middle,other
0vyWPAv7ZCFbxyQRtKRVDQ,0vyWPAv7ZCFbxyQRtKRVDQ,Soy'pa mana pantrepse me,"Giorgos Papasideris, Kostas Giaoyzos-Klarino",1940,1940,0.0,0.6890000000000001,0.74,0.4320000000000001,0.939,0.403,0.0418,-0.2953699991715623,-0.038717718862399206,middle,other
10S9yW7VoBa65EpSbkDJNq,10S9yW7VoBa65EpSbkDJNq,Часть 170.2 - По ком звонит колокол,Эрнест Хемингуэй,1940,1940,0.0,0.0939,0.489,0.627,0.81,0.0,0.961,-0.35412053029067686,0.4879551100259984,low,other
13NfO0aCQDzU7xAi5P4GAH,13NfO0aCQDzU7xAi5P4GAH,Tis Roumelis oi omorfes,Georgia Mitaki,1940,1940,0.0,0.645,0.715,0.331,0.988,0.499,0.0572,-0.4079492106964772,-0.11650684765150048,middle,other
1VScQtuoxYlflyrDm2mVxV,1VScQtuoxYlflyrDm2mVxV,Tutte le mamme,Claudio Villa,1942,1940,0.0,0.222,0.396,0.373,0.99,0.00485,0.0436,-0.499765723098558,0.31622883405556307,low,other
1bxilmGTS7HJSox4W36vYS,1bxilmGTS7HJSox4W36vYS,Ο υμνούμενος,"Ανδρική Χορωδία του Θιάσου Παντοπούλου, Πέτρος Κυριακός",1942,1940,0.0,0.0882,0.496,0.71,0.983,0.0,0.162,-0.488282360542232,0.46821433522800693,low,other
1GnqObld4MdpZwNpe5OyQX,1GnqObld4MdpZwNpe5OyQX,"Nocturne in G Minor, Op. 15 No. 3","Frédéric Chopin, Maryla Jonas",1946,1940,0.0,0.0152,0.198,0.479,0.996,0.923,0.0537,-0.9664626172846393,-0.4135973817406841,low,other
1P2DPDQ0CRv1KDaQPUr7Ie,1P2DPDQ0CRv1KDaQPUr7Ie,Mor Phele Aasa Pathe,Gouri Kedar Bhattacharya,1947,1940,0.0,0.196,0.43,0.304,0.979,1.15e-05,0.0652,-0.5046940029629325,0.3193259611898695,low,other
5gNk2nsCJspItPmxZ1O9me,5gNk2nsCJspItPmxZ1O9me,Parade: Choral,"Erik Satie, Efrem Kurtz, Houston Symphony",1949,1940,8.0,0.183,0.0885,0.257,0.862,0.918,0.0344,-0.8356367356085345,-0.5803539498863539,low,other
4qrzPgiq4F9qiFAmTUJHMY,4qrzPgiq4F9qiFAmTUJHMY,"La Diva de ""l'Empire""","Erik Satie, Philippe Entremont, Régine Crespin",1949,1940,7.0,0.119,0.459,0.515,0.99,0.000244,0.0789,-0.5150721613389294,0.3987145652429938,low,other
3HZvaxUmt9zaBP6B2kxJVc,3HZvaxUmt9zaBP6B2kxJVc,Corazón Corazón,José Alfredo Jimenez,1951,1950,3.0,0.519,0.612,0.392,0.6779999999999999,0.0,0.0515,-0.06872029267983723,0.1990953343358672,middle,other
52Ww2T5Lyi4Uwqku5bHpVe,52Ww2T5Lyi4Uwqku5bHpVe,The Flower Garden Of My Heart,Original Broadway Cast of 'Pal Joey',1952,1950,3.0,0.226,0.506,0.369,0.746,4.03e-05,0.0306,-0.2901883398762343,0.25930271706151103,low,other
3EaHj7T77jnGJlC5V7vN7g,3EaHj7T77jnGJlC5V7vN7g,All The Things You Can C#,Charles Mingus,1955,1950,12.0,0.208,0.619,0.438,0.858,0.0163,0.0429,-0.3555682400516731,0.337870458068453,low,other
0nI3qAsT71AWSZEU7HcVc3,0nI3qAsT71AWSZEU7HcVc3,"The First Nowell / Wassail, Wassail All Over the Town / God Rest Ye Merry, Gentlemen / Hark! The Herald Angels Sing",The Norman Luboff Choir,1956,1950,18.0,0.203,0.393,0.377,0.994,1.8e-06,0.0322,-0.5106520163460248,0.32494559865001504,low,other
4fgmqwB9QnCZ4P9HwFiaJg,4fgmqwB9QnCZ4P9HwFiaJg,I Can Read Between The Lines - Remastered,Frank Sinatra,1957,1950,23.0,0.151,0.17800000000000002,0.331,0.8440000000000001,1.8e-05,0.0329,-0.4750861021262473,0.2159786879531514,low,other
3rk1Sty7msqr5xgIv0kibc,3rk1Sty7msqr5xgIv0kibc,O Little Town Of Bethlehem,Gene Autry,1957,1950,19.0,0.307,0.192,0.289,0.945,0.0,0.0439,-0.47690598276705537,0.2093020406195598,middle,other
7qFGZV4XkSuECtLJugS3vY,7qFGZV4XkSuECtLJugS3vY,Mailman Bring Me No More Blues,Buddy Holly,1958,1950,26.0,0.5710000000000001,0.903,0.659,0.659,0.0,0.0281,0.0693903891178568,0.31459096288139365,middle,other
0mtIYUM4KA2koMOKWmIxFg,0mtIYUM4KA2koMOKWmIxFg,"Roman Carnival Overture, Op. 9, H. 95","Hector Berlioz, Charles Münch",1958,1950,25.0,0.268,0.159,0.171,0.868,0.524,0.0429,-0.6521531242950626,-0.27446008189614873,middle,other
6imsuTpDgwBqjXx4i422oq,6imsuTpDgwBqjXx4i422oq,It's Nice To Go Trav'ling,Frank Sinatra,1958,1950,21.0,0.289,0.359,0.5760000000000001,0.764,0.0,0.0336,-0.2744653145434612,0.25692425406383934,middle,other
3aoVSL2pYh52IIZjj0KZsP,3aoVSL2pYh52IIZjj0KZsP,Lobachevsky,Tom Lehrer,1960,1960,20.0,0.333,0.436,0.5920000000000001,0.882,0.0,0.916,-0.3072755477175061,0.42656909760528117,middle,other
21RNbM9ecGYkwlvu9buNkN,21RNbM9ecGYkwlvu9buNkN,"Piano Concerto in A Minor, Op. 16: II. Adagio - Remastered","Edvard Grieg, Arthur Rubinstein, Alfred Wallenstein, RCA Victor Symphony Orchestra",1960,1960,28.0,0.022,0.0378,0.181,0.976,0.887,0.0388,-1.010716504789241,-0.5044542834681814,low,other
4UTwDvRz1WHdzq7GuS81im,4UTwDvRz1WHdzq7GuS81im,Fruto Robado,La Sonora Santanera,1960,1960,17.0,0.386,0.5379999999999999,0.495,0.529,0.000439,0.0303,-0.023848095563983644,0.17865581127921246,middle,other
6pGbbZ3G9daYs6vwUoMJQA,6pGbbZ3G9daYs6vwUoMJQA,Si Me Dejas de Amar,La Sonora Santanera,1960,1960,17.0,0.338,0.6759999999999999,0.616,0.564,0.0,0.0285,-0.027733705971938173,0.2674111467925395,middle,other
6uawJMhSxpHA7tvf6JjLZq,6uawJMhSxpHA7tvf6JjLZq,Ten Cents A Dance,Anita O'Day,1960,1960,23.0,0.29600000000000004,0.358,0.55,0.662,0.0,0.057,-0.19772868225553022,0.21576048072572657,middle,other
3sKaxXHWwvvNWjAImOE6Cd,3sKaxXHWwvvNWjAImOE6Cd,You're Nobody 'Til Somebody Loves You,Frank Sinatra,1961,1960,24.0,0.289,0.422,0.5760000000000001,0.579,0.0,0.0272,-0.12218495825474822,0.2071220583410163,middle,other
463wvwQJ7DJCvBvbvD55xz,463wvwQJ7DJCvBvbvD55xz,The Best Is Yet to Come,Tony Bennett,1962,1960,27.0,0.259,0.626,0.634,0.659,0.0,0.0479,-0.14576789421180059,0.3138429391128826,middle,other
3q3FJA8N9OqOoBTNsGJ2rp,3q3FJA8N9OqOoBTNsGJ2rp,Move It,The Chantays,1963,1960,23.0,0.903,0.967,0.763,0.7609999999999999,0.415,0.062,0.03413943960583668,-0.02729709787444164,high,other
2DATiJtJ75vDhCL59LWhlI,2DATiJtJ75vDhCL59LWhlI,"Dirty Old Egg-Suckin' Dog - Live at Folsom State Prison, Folsom, CA (1st Show) - January 1968",Johnny Cash,1968,1960,38.0,0.245,0.649,0.511,0.883,0.0,0.125,-0.3321939150218612,0.3860172501837534,low,other
05ejOuAU8leltpExErnAXo,05ejOuAU8leltpExErnAXo,Glory Road,Neil Diamond,1969,1960,42.0,0.299,0.541,0.227,0.892,0.521,0.0279,-0.5659669358353869,-0.15726954584768008,middle,other
616oo55F2rXPJobqPV2IjK,616oo55F2rXPJobqPV2IjK,The Lee Shore - Live,"Crosby, Stills, Nash & Young",1971,1970,38.0,0.206,0.15,0.345,0.821,4.13e-06,0.0397,-0.4344689106060606,0.190606918809449,low,other
0stslsclx39gQ7vSYEAgz0,0stslsclx39gQ7vSYEAgz0,Don't Leave Me This Way (feat. Teddy Pendergrass),"Harold Melvin & The Blue Notes, Teddy Pendergrass",1972,1970,40.0,0.711,0.52,0.474,0.28,2.07e-06,0.0611,0.3176296918178742,0.004225927467092086,middle,other
5tU9JM1v72X7oM808Am6Fq,5tU9JM1v72X7oM808Am6Fq,Radar Love,Golden Earring,1973,1970,58.0,0.7190000000000001,0.177,0.504,0.00878,0.00149,0.0431,0.456839717058715,-0.1841418301814568,high,energetic_somber
0Uk4vrQwR4mlEoHBoTp6Q8,0Uk4vrQwR4mlEoHBoTp6Q8,My Mistake (Was To Love You),"Diana Ross, Marvin Gaye",1973,1970,39.0,0.696,0.721,0.677,0.00912,4.97e-06,0.0539,0.5845741140827369,0.00991720786079017,middle,other
0tiBROmRVHxKAtgI8Hg9Sa,0tiBROmRVHxKAtgI8Hg9Sa,A Dream Goes on Forever,Todd Rundgren,1974,1970,29.0,0.375,0.815,0.602,0.114,1.86e-06,0.0329,0.3563166490067354,0.13272911399023585,middle,other
4DliRSOmpVNHoPc60wUmUD,4DliRSOmpVNHoPc60wUmUD,Dead End Justice,The Runaways,1976,1970,40.0,0.534,0.342,0.511,0.00371,0.061,0.0458,0.38354212706072544,-0.14257502956408813,middle,other
1O8DcSGRQW4BlhyqDIZPPF,1O8DcSGRQW4BlhyqDIZPPF,Chemical Warfare,Dead Kennedys,1980,1980,35.0,0.972,0.52,0.302,0.674,0.0227,0.179,0.11966170678969812,0.038533293822356054,high,other
1S6fpsshPEcyrcQ1LgHOBR,1S6fpsshPEcyrcQ1LgHOBR,Oats and Beans and Barley,Raffi,1980,1980,36.0,0.202,0.966,0.6809999999999999,0.698,0.0,0.0742,-0.12468016661411002,0.44766022462324284,low,calm_positive
6exfsW3tiYeKR8tV5AUPlb,6exfsW3tiYeKR8tV5AUPlb,Heartache Tonight - Live; 1999 Remaster,Eagles,1980,1980,38.0,0.7609999999999999,0.628,0.655,0.0183,0.0606,0.0442,0.5648819284976996,-0.08397811944650362,high,other
3zR16RvuoDiglmh4iTacvN,3zR16RvuoDiglmh4iTacvN,C.O.D.,AC/DC,1981,1980,41.0,0.935,0.669,0.51,0.0008269999999999999,0.528,0.0579,0.4824507290573115,-0.5367724213307749,high,other
1DWTFcfjHR8I98KSRk2ntW,1DWTFcfjHR8I98KSRk2ntW,Jump to It - Single Version,Aretha Franklin,1982,1980,42.0,0.605,0.898,0.7879999999999999,0.141,1.56e-06,0.185,0.49564086077606434,0.1690109925187247,middle,other
4QymNZPVv071sidELdb57g,4QymNZPVv071sidELdb57g,Figurative Theater,Christian Death,1982,1980,37.0,0.941,0.151,0.252,0.00934,0.0,0.0716,0.5260903499636185,-0.2971008871371184,high,energetic_somber
4fBCtdSAeJHMhWlXxTGoEB,4fBCtdSAeJHMhWlXxTGoEB,Breaking Hearts (Ain't What It Used To Be),Elton John,1984,1980,48.0,0.15,0.252,0.435,0.962,0.0,0.0409,-0.5340480580269772,0.30255377482059576,low,other
5TGHpNdHeV5cqsJfkOO4Zd,5TGHpNdHeV5cqsJfkOO4Zd,Lea,TOTO,1986,1980,54.0,0.297,0.627,0.669,0.483,0.0952,0.031,-0.024434204563574147,0.16929765650571652,middle,other
38T3oJ4ykhLtoHFjhpjOoL,38T3oJ4ykhLtoHFjhpjOoL,She,"Misfits, Glenn Danzig",1986,1980,40.0,0.96,0.32,0.329,0.00104,0.5760000000000001,0.0398,0.37811004215728056,-0.7193494558017907,high,other
70edK8hEu22TwodGaahjdO,70edK8hEu22TwodGaahjdO,Pink Frost,The Chills,1986,1980,46.0,0.462,0.276,0.598,0.637,0.35200000000000004,0.0278,-0.23605127212397686,-0.13872511050668973,middle,other
4lsHSebqNhVMIUSD31Zr6W,4lsHSebqNhVMIUSD31Zr6W,Under the Cherry Moon,Prince,1986,1980,41.0,0.246,0.413,0.5479999999999999,0.0964,0.0552,0.0356,0.19389620843199293,-0.007386652852991456,low,other
7faWy3kAy0GkTqAzkUBhCf,7faWy3kAy0GkTqAzkUBhCf,"Piano Concerto No. 2 in F Major, Op. 102: II. Andante","Dmitri Shostakovich, I Musici de Montréal, Maxim Shostakovich",1986,1980,45.0,0.00395,0.0478,0.155,0.985,0.875,0.0413,-1.023522557374991,-0.48968215090966205,low,other
4o1DKiMG5yVeNEX8mIwHH8,4o1DKiMG5yVeNEX8mIwHH8,"Sweet and Tender Hooligan - John Peel Session, 12/2/86",The Smiths,1987,1980,47.0,0.975,0.687,0.313,0.0081,0.407,0.0694,0.5170301037413682,-0.48216559595727976,high,other
1bQ6SZAR7xI0z6sIxK95KJ,1bQ6SZAR7xI0z6sIxK95KJ,I Don't Wanna Live Without Your Love,Chicago,1988,1980,46.0,0.635,0.163,0.43,0.0658,0.00185,0.0374,0.35898979153896904,-0.16432290194013122,middle,other
63W4sfeRTTiNKFLAzUJHFe,63W4sfeRTTiNKFLAzUJHFe,Alright,Janet Jackson,1989,1980,39.0,0.893,0.963,0.667,0.1,0.5920000000000001,0.0364,0.447314719698083,-0.43190040483065834,high,other
4bsND9IuJz18UtFx2MwwO8,4bsND9IuJz18UtFx2MwwO8,Sincerely,The McGuire Sisters,1989,1980,38.0,0.193,0.599,0.443,0.835,0.0,0.0276,-0.34351430889645074,0.34049640492549826,low,other
41HCZr5cOMuiX2z5Gbi1qi,41HCZr5cOMuiX2z5Gbi1qi,Real Thing,Alice In Chains,1990,1990,43.0,0.883,0.265,0.341,0.00993,0.0,0.0906,0.5338397451425072,-0.22944041395929288,high,energetic_somber
3Q6AUWv7Sr6RheZfieDmdb,3Q6AUWv7Sr6RheZfieDmdb,Chiquitita,Liberación,1991,1990,44.0,0.696,0.831,0.643,0.3720000000000001,0.0,0.0301,0.32954379363089825,0.1584966242086307,middle,other
6oRP3CKIpSqVsJKYrxiYHp,6oRP3CKIpSqVsJKYrxiYHp,Cuando Nadie Te Quiera,Banda Sinaloense Los Recoditos,1993,1990,48.0,0.4920000000000001,0.97,0.5589999999999999,0.586,0.0,0.0583,0.08595609175483299,0.3078270783249136,middle,other
2S0PU0BZEqonRfdTbFhEUq,2S0PU0BZEqonRfdTbFhEUq,Piru Love,Bloods & Crips,1993,1990,42.0,0.665,0.736,0.7859999999999999,0.301,0.0,0.301,0.3726209676522956,0.18200413746993332,middle,other
65cnB7mr97lJ6SmefKiQCh,65cnB7mr97lJ6SmefKiQCh,Dance Floor,Zapp,1993,1990,40.0,0.7829999999999999,0.8909999999999999,0.847,0.485,0.000977,0.0558,0.3287596539549766,0.24148239694908497,high,other
36RZ4pL87y2g9GPdHnfMuH,36RZ4pL87y2g9GPdHnfMuH,All the Pretty Little Ponies,Kenny Loggins,1994,1990,43.0,0.126,0.132,0.441,0.8690000000000001,1.08e-06,0.03,-0.5004986635769201,0.2427844837954593,low,other
0fC3P8M5JNdsPcWqpZUId2,0fC3P8M5JNdsPcWqpZUId2,Root Down - Free Zone Mix/Remastered 2009,Beastie Boys,1994,1990,46.0,0.777,0.6940000000000001,0.8190000000000001,0.252,0.0409,0.0876,0.4417939453210937,0.07162591809173321,high,other
7dIh8FF0EzYKS8STv3v4F4,7dIh8FF0EzYKS8STv3v4F4,Aurora,Foo Fighters,1999,1990,53.0,0.858,0.278,0.586,0.00481,0.469,0.0313,0.39095076286401875,-0.5600607797877324,high,energetic_somber
0Se3MuBIM5Mu12Tv9M6Ajc,0Se3MuBIM5Mu12Tv9M6Ajc,Pretty Girl - Remix,"Dyablo, Lil Rob, NB Ridaz",2001,2000,48.0,0.608,0.654,0.848,0.128,0.0,0.21,0.46448296500120706,0.11424931003398646,middle,other
2HieRfsSSwQA1JUtfmRNgo,2HieRfsSSwQA1JUtfmRNgo,Carry On,Pat Green,2001,2000,45.0,0.897,0.608,0.509,0.0927,0.00164,0.0769,0.5732898970857231,-0.07631877419117712,high,other
6JZYMxvcoeLD4IifJPvDux,6JZYMxvcoeLD4IifJPvDux,Dirty Diana,Michael Jackson,2003,2000,56.0,0.799,0.348,0.741,0.239,0.000795,0.062,0.39287593033252377,-0.019738903031560343,high,other
5Sw4NiI7SniktcUwPweTvs,5Sw4NiI7SniktcUwPweTvs,What's Happenin!,"Ying Yang Twins, Trick Daddy",2003,2000,48.0,0.684,0.731,0.8290000000000001,0.102,0.0,0.0606,0.5323389604210267,0.08345695715977706,middle,other
42lC6bnDdAjRqZtsFe1tmg,42lC6bnDdAjRqZtsFe1tmg,The Arms of Sorrow,Killswitch Engage,2006,2000,54.0,0.963,0.16,0.499,6.53e-05,0.0005070000000000001,0.0578,0.5800148204054371,-0.2505997662378126,high,energetic_somber
0EMLtepZpcY9T64AVEmyyv,0EMLtepZpcY9T64AVEmyyv,Jerry Was A Race Car Driver,Primus,2006,2000,52.0,0.982,0.662,0.524,0.0092,0.126,0.126,0.6471335316848938,-0.20503898700072018,high,other
5Zu4UO0QlderRYNPFkbJeO,5Zu4UO0QlderRYNPFkbJeO,Wall To Wall,Chris Brown,2007,2000,57.0,0.54,0.579,0.596,0.00398,0.0,0.11,0.47134859343802166,-0.0025204336103030515,middle,other
4xSjIgsYgd36OAK4QZ55Pr,4xSjIgsYgd36OAK4QZ55Pr,If I Never See Your Face Again,Maroon 5,2007,2000,48.0,0.867,0.936,0.745,0.017,0.0,0.0374,0.7173651638116773,0.04159232688612538,high,other
33RJ3P6wc0B0FIyDalhNTv,33RJ3P6wc0B0FIyDalhNTv,Here We Go Again,Demi Lovato,2009,2000,55.0,0.927,0.672,0.585,0.00432,0.0,0.04,0.6786001648812495,-0.08446027051440745,high,other
6fG46PUotZMTgcAzAtFLOk,6fG46PUotZMTgcAzAtFLOk,Take Me to the King (feat. Kirk Franklin),"Tamela Mann, Kirk Franklin",2012,2010,55.0,0.413,0.35100000000000003,0.461,0.197,2.25e-06,0.0327,0.1953198369820428,-0.003953023369565174,middle,other
2tW2Kn1IGFFVfRVnQE2UaQ,2tW2Kn1IGFFVfRVnQE2UaQ,In My Mind (feat. Georgi Kay) - Axwell Radio Edit,"Ivan Gough, Feenixpawl, Georgi Kay, Axwell",2012,2010,61.0,0.831,0.376,0.51,0.0435,3.14e-06,0.0606,0.5294494771160471,-0.14082294924219788,high,other
0g7AZiNDzDuEYOwV27qoXb,0g7AZiNDzDuEYOwV27qoXb,Rhapsody In Blue,"George Gershwin, Benjamin Grosvenor, Royal Liverpool Philharmonic Orchestra, James Judd",2012,2010,53.0,0.258,0.115,0.309,0.976,0.69,0.0459,-0.7884856717360069,-0.35063268836150047,middle,other
6r027Faonff84hxFMjMbIH,6r027Faonff84hxFMjMbIH,Rap God,Eminem,2013,2010,62.0,0.8490000000000001,0.649,0.708,0.38,0.0,0.324,0.3750839725571548,0.12675938552983748,high,other
0YeQtvlM0NBGneArOPR1Xw,0YeQtvlM0NBGneArOPR1Xw,Louise,Mipso,2013,2010,59.0,0.381,0.489,0.639,0.768,2.25e-06,0.0321,-0.1959953130218872,0.2845877445133547,middle,other
4bAmAVdks2Y84VNVVLXFwN,4bAmAVdks2Y84VNVVLXFwN,Show Me Love - EDX Remix / Radio Edit,"Sam Feldt, Kimberly Anne, EDX",2015,2010,63.0,0.665,0.677,0.836,0.308,0.000925,0.0745,0.3575688051636065,0.14965323407614026,middle,other
2cn8rNlgnQOJoqWqXRvWQu,2cn8rNlgnQOJoqWqXRvWQu,Lie,BTS,2016,2010,69.0,0.777,0.503,0.542,0.00331,0.0,0.033,0.563747119072866,-0.1039036209087582,high,other
4KeTe10W4xvAOxfRC0kxpF,4KeTe10W4xvAOxfRC0kxpF,Aliado Del Tiempo,Mariano Barba,2016,2010,66.0,0.479,0.736,0.589,0.485,0.0,0.0278,0.11000147655268513,0.21447072316967306,middle,other
7q7jyVU0f0hnod8tsaUmxg,7q7jyVU0f0hnod8tsaUmxg,Speechless,Dan + Shay,2018,2010,65.0,0.44,0.418,0.631,0.328,0.0,0.028,0.14793368462575504,0.0914898337305085,middle,other
6r2JV75tE0vNgNCv4HKsBC,6r2JV75tE0vNgNCv4HKsBC,scared,Jeremy Zucker,2019,2010,72.0,0.075,0.34700000000000003,0.583,0.933,1.4e-06,0.0726,-0.507911473913149,0.3735049922983327,low,other
37AcsQkOWiiUzCcjlZieVL,37AcsQkOWiiUzCcjlZieVL,Kapitel 242 - Der Page und die Herzogin,"Georgette Heyer, Irina Salkow",1926,1920,1.0,0.181,0.405,0.6920000000000001,0.462,0.0,0.936,-0.058410723050593104,0.33077661787726614,low,other
50wdvweBUxX5YirO1SIwJ8,50wdvweBUxX5YirO1SIwJ8,Часть 53.2 - На Западном фронте без перемен,Эрих Мария Ремарк,1929,1920,0.0,0.319,0.5529999999999999,0.7020000000000001,0.0348,0.0,0.915,0.3630775388998941,0.18374928776639216,middle,other
53eJqIQ906qXHqOvCoOmbL,53eJqIQ906qXHqOvCoOmbL,Часть 17.3 - Обратный путь,Эрих Мария Ремарк,1931,1930,0.0,0.181,0.353,0.7070000000000001,0.785,0.0,0.947,-0.3099948760408206,0.4367290727325596,low,other
3uHoDBPDUYKDBv5lezfCxS,3uHoDBPDUYKDBv5lezfCxS,"Herzlich tut mich verlangen, BWV 727","Johann Sebastian Bach, Albert Schweitzer",1933,1930,0.0,0.0719,0.0395,0.174,0.955,0.853,0.0412,-0.9585485526330486,-0.4971383789533978,low,other
7ujkxV0DNWY4byAibmdd3c,7ujkxV0DNWY4byAibmdd3c,"Canzona in D Minor, BWV 588","Johann Sebastian Bach, Albert Schweitzer",1933,1930,0.0,0.0398,0.0416,0.0664,0.983,0.887,0.0412,-1.0224399337459302,-0.5305476731005333,low,other
2gLvu1BdTFX5rggZi6LuCN,2gLvu1BdTFX5rggZi6LuCN,El Viejito del Acordeón - Remasterizado,"Francisco Canaro, Roberto Maida",1936,1930,0.0,0.474,0.927,0.7440000000000001,0.989,0.0669,0.0422,-0.23373982339611543,0.4285991503434091,middle,other
2riR82tBShhMRLZwrlsFAc,2riR82tBShhMRLZwrlsFAc,Capítulo 9.5 - la Sombra Fuera del Tiempo,H.P. Lovecraft,1936,1930,0.0,0.353,0.49,0.7240000000000001,0.652,0.0,0.912,-0.09462232436570898,0.3830428065755672,middle,other
18Gi2m8FbUXonr2awZkylF,18Gi2m8FbUXonr2awZkylF,Часть 117.4 & Часть 118.1 - По ком звонит колокол,Эрнест Хемингуэй,1940,1940,0.0,0.0826,0.581,0.718,0.0328,0.0,0.923,0.2563273331722998,0.25367051941358565,low,other
2aUXQS2aJIbebVXQ1TJQdo,2aUXQS2aJIbebVXQ1TJQdo,Io te vurria vasa' - Instrument and base Version,Orchestra Studio 7,1942,1940,0.0,0.223,0.4320000000000001,0.393,0.233,0.333,0.0279,-0.039036387386336205,-0.2116225113636206,low,other
3IumJd6SMcEh99wyOfx6Uo,3IumJd6SMcEh99wyOfx6Uo,Tommar Swapne Aami,Rooprekha Chatterjee,1942,1940,0.0,0.28300000000000003,0.409,0.475,0.923,0.0,0.132,-0.3989133798077023,0.31888114426793224,middle,other
0fzXY5NRz6x0yrBiubJ8l2,0fzXY5NRz6x0yrBiubJ8l2,Forår i Heidelberg/En herlig studentertid,Teddy Petersens Koncertorkester og kor,1943,1940,0.0,0.0637,0.586,0.406,0.953,0.0,0.0311,-0.5038663868285046,0.4032740121501734,low,other
6mUcJO0aqAAF6ygHTkaEgH,6mUcJO0aqAAF6ygHTkaEgH,Jab Tum Hi Chale Pardes,Karan Dewan,1944,1940,0.0,0.235,0.8440000000000001,0.377,0.851,0.795,0.0646,-0.5808772193741342,-0.2611434571747952,low,calm_positive
2kvHljmiauzCMfnfLZbfU0,2kvHljmiauzCMfnfLZbfU0,Tanu Chandan Bati,Hemant Kumar,1947,1940,0.0,0.195,0.511,0.391,0.994,0.928,0.0717,-0.8243867318329293,-0.39552692789977234,low,other
1pV3x1TmjEqevxVbB33lVA,1pV3x1TmjEqevxVbB33lVA,"Trio No. 4 in D Major, Op. 70 ""Ghost"": III. Presto","Ludwig van Beethoven, Rudolf Serkin",1948,1940,0.0,0.249,0.519,0.392,0.954,0.0399,0.0415,-0.4436389152804253,0.30512385794227226,low,other
2MbvD7MQ4GqJGUiLLlx3gS,2MbvD7MQ4GqJGUiLLlx3gS,"Le sacre du printemps: Part 1 ""Adoration of the Earth"", Ritual of Abduction","Igor Stravinsky, Columbia Symphony Orchestra",1948,1940,0.0,0.439,0.215,0.412,0.978,0.836,0.0536,-0.7182306770211586,-0.46368088452885625,middle,other
0BSo0qaf6yU6NmvDmiOZe1,0BSo0qaf6yU6NmvDmiOZe1,"Symphony No. 1 in C Minor, Op. 68: Andante sostenuto","Johannes Brahms, Charles Münch",1951,1950,0.0,0.0532,0.0367,0.0916,0.981,0.835,0.0425,-0.9929039214629066,-0.4873881939299619,low,other
7cFkbjaOwiY7dvIyLwEEux,7cFkbjaOwiY7dvIyLwEEux,If I Loved You (with The Magic Voices),"Percy Faith & His Orchestra, The Magic Voices",1953,1950,2.0,0.266,0.0522,0.18,0.954,0.72,0.0399,-0.8102965343465022,-0.4316042791418491,middle,other
2qXzSaPjkhPt4ixlbZnD7b,2qXzSaPjkhPt4ixlbZnD7b,Lose That Long Face,Judy Garland,1954,1950,9.0,0.472,0.613,0.4970000000000001,0.852,5.44e-06,0.053,-0.20780605581766334,0.2966526616500819,middle,other
5QtrVY5mzKREw3x0wCw6g5,5QtrVY5mzKREw3x0wCw6g5,Pretty-Eyed Baby,"Roy Eldridge, Dizzy Gillespie",1954,1950,6.0,0.205,0.525,0.575,0.758,0.0,0.129,-0.2748990689473633,0.3325511060394103,low,other
6RemJS1Uc5aJjqLkpElftX,6RemJS1Uc5aJjqLkpElftX,What a Diff'rence a Day Made,Chet Baker,1954,1950,11.0,0.225,0.64,0.484,0.993,0.8190000000000001,0.0331,-0.7297702544965695,-0.2631240535862382,low,other
3HbpXD49iulKAGX7Rz4oye,3HbpXD49iulKAGX7Rz4oye,My Old Flame,Paul Bley,1954,1950,7.0,0.365,0.345,0.5870000000000001,0.959,0.941,0.0365,-0.7270156328654664,-0.4665199276831989,middle,other
32BGsZ0LYs6Ufn5susDA0j,32BGsZ0LYs6Ufn5susDA0j,Old Folks - Take 9 / Master,Charlie Parker,1955,1950,10.0,0.513,0.495,0.462,0.907,0.0,0.0364,-0.25897086536677544,0.26429304969849066,middle,other
0Qa1WtVgIPClol80Vcwagu,0Qa1WtVgIPClol80Vcwagu,A Foggy Day,"Hazel Scott, Max Roach, Charles Mingus",1955,1950,9.0,0.14800000000000002,0.746,0.528,0.918,0.929,0.0391,-0.7227320868851274,-0.3219952368442305,low,calm_positive
4az5YUzKIdxT1CCSlgpklh,4az5YUzKIdxT1CCSlgpklh,Little Girl Blue,Ella Fitzgerald,1956,1950,20.0,0.163,0.182,0.23,0.944,3.2e-06,0.0302,-0.5577585835754271,0.22693980514708229,low,other
6VbyiEH0mAgJDSsBJNaLMl,6VbyiEH0mAgJDSsBJNaLMl,"Cheek To Cheek - Live At The Spotlite Club, Washington, D.C./1958",Ahmad Jamal Trio,1958,1950,18.0,0.223,0.224,0.544,0.5760000000000001,0.88,0.0498,-0.5179754112571856,-0.5585113139906613,low,other
03whQz2AOGIKgNU3NQW6a0,03whQz2AOGIKgNU3NQW6a0,Fascinating Rhythm,Ella Fitzgerald,1959,1950,23.0,0.28600000000000003,0.462,0.6679999999999999,0.79,9.58e-06,0.0764,-0.26018575965356205,0.320810657241963,middle,other
733hBb8D1TyxBgNcM28fk6,733hBb8D1TyxBgNcM28fk6,While We Danced At The Mardi Gras,Pete Fountain,1959,1950,14.0,0.544,0.944,0.459,0.17,0.000166,0.0325,0.40448501881849663,0.11375679292369097,middle,other
27LWYN5H4rfXlRz1vFNm63,27LWYN5H4rfXlRz1vFNm63,El Preso Numero Nueve,Joan Baez,1960,1960,27.0,0.2,0.333,0.609,0.815,0.0,0.048,-0.35727431814021193,0.29931407892969836,low,other
4cndS1r6nH04gOVaRHVB8U,4cndS1r6nH04gOVaRHVB8U,Give Me The Simple Life,Julie London,1960,1960,21.0,0.277,0.359,0.6609999999999999,0.5660000000000001,0.0,0.138,-0.11765169668626801,0.22166864759070998,middle,other
46MfTMhJu9lc5nHgoMNSC6,46MfTMhJu9lc5nHgoMNSC6,By The Numbers - RVG Remaster,"John Coltrane, Red Garland, Paul Chambers, Art Taylor",1961,1960,22.0,0.284,0.16399999999999998,0.445,0.8490000000000001,0.0128,0.0388,-0.40478050313471076,0.19673570468554244,middle,other
2Syo9vgnbr6TkX7sV5DOmI,2Syo9vgnbr6TkX7sV5DOmI,How Does It Feel,The Ronettes,1964,1960,23.0,0.877,0.482,0.498,0.0665,0.000758,0.0819,0.5555256060518714,-0.11587077209782272,high,other
2DonFSnhEr0WQcuHcHb5ti,2DonFSnhEr0WQcuHcHb5ti,Goin' Down Slow,"Bo Diddley, Muddy Waters, Howlin' Wolf",1968,1960,34.0,0.4320000000000001,0.613,0.355,0.0628,0.0,0.0423,0.3459973728176186,-0.008059499978636891,middle,other
5NyZhrOV4Nh3Ws9ctGtX2j,5NyZhrOV4Nh3Ws9ctGtX2j,South California Purples - 2002 Remaster,Chicago,1969,1960,30.0,0.602,0.509,0.454,0.0183,0.0245,0.045,0.4464397377400681,-0.09183559978487851,middle,other
0XXjBRi5sNWojqxmYJGiA2,0XXjBRi5sNWojqxmYJGiA2,Ain't Gonna Bump No More (With No Big Fat Woman),Joe Tex,1969,1960,34.0,0.835,0.936,0.745,0.014,0.113,0.0346,0.662730308375747,-0.04478347305126536,high,other
6f5GVaxl1gQ7EGK9LEgKV4,6f5GVaxl1gQ7EGK9LEgKV4,Heart of the Sunrise - 2008 Remaster,Yes,1971,1970,30.0,0.573,0.393,0.368,0.00933,0.147,0.0484,0.35799154885386214,-0.23861150991780342,middle,other
17sTUE1DweDdop28Okl2hj,17sTUE1DweDdop28Okl2hj,Siberian Khatru,Yes,1972,1970,30.0,0.741,0.58,0.35,0.0315,0.0252,0.0441,0.5050910596064448,-0.12616121942336397,high,other
3L8QORDaVg3pJ4K4Y2aBVT,3L8QORDaVg3pJ4K4Y2aBVT,Help Me Thru The Night,Joe Walsh,1974,1970,32.0,0.302,0.511,0.4970000000000001,0.483,6.65e-06,0.0269,-0.03595066840157343,0.17607759069180684,middle,other
6RipbJl00ATUBclT3l0aKm,6RipbJl00ATUBclT3l0aKm,Too Shy To Say,Stevie Wonder,1974,1970,35.0,0.206,0.0781,0.177,0.868,0.000337,0.0323,-0.5087499758635826,0.1492842733884441,low,other
5Qo14bQqTK9iGbf2g6JUjL,5Qo14bQqTK9iGbf2g6JUjL,Answering Machine,Rupert Holmes,1979,1970,34.0,0.488,0.961,0.775,0.24,0.0,0.123,0.3738072868268775,0.2393998625827354,middle,other
5BsfxG08SKbFzEhv2UXuiW,5BsfxG08SKbFzEhv2UXuiW,Don't Try Suicide - Remastered 2011,Queen,1980,1980,31.0,0.485,0.645,0.795,0.338,0.0,0.201,0.23640715017402966,0.2041978499127074,middle,other
0gJWAXkAbWEbK66D78EZ6C,0gJWAXkAbWEbK66D78EZ6C,You Don't Have to Be Old to Be Wise,Judas Priest,1980,1980,38.0,0.931,0.495,0.521,0.0051,5.01e-05,0.0529,0.6340228384641803,-0.14566200639133497,high,other
5cVohoOf4zIKtze7nir0L7,5cVohoOf4zIKtze7nir0L7,For You,Manfred Mann's Earth Band,1980,1980,30.0,0.619,0.415,0.6709999999999999,0.18,4.46e-06,0.0425,0.35272918188527214,0.004380562007501069,middle,other
3KXFQXIe81YbToHLAXZowB,3KXFQXIe81YbToHLAXZowB,When You Touch Me,Skyy,1981,1980,32.0,0.306,0.335,0.531,0.246,1.75e-06,0.0438,0.1123748360343145,0.052694384017592445,middle,other
3RXdyPbYyWClA34vGYFito,3RXdyPbYyWClA34vGYFito,Open Arms - Live Version,Journey,1981,1980,36.0,0.442,0.223,0.272,0.459,0.0,0.0317,-0.04088603614716891,0.005522234598367745,middle,other
0mZsMH5ZUBkhkDHy3YnXlM,0mZsMH5ZUBkhkDHy3YnXlM,Controller,Oingo Boingo,1981,1980,32.0,0.913,0.871,0.531,0.0181,0.000911,0.0568,0.6955529058578279,-0.03287665243804689,high,other
4Yq4yADeZFQIFFUHN8n4Qe,4Yq4yADeZFQIFFUHN8n4Qe,There Goes A Tenner,Kate Bush,1982,1980,41.0,0.34600000000000003,0.78,0.828,0.6579999999999999,1.28e-05,0.0582,-0.0423756733395404,0.37814444741087977,middle,other
6mVJRgyXJ3eAy6EViECJyW,6mVJRgyXJ3eAy6EViECJyW,Burning Heart,Vandenberg,1982,1980,46.0,0.546,0.486,0.438,0.127,0.0,0.0419,0.338843685867144,-0.02925119665499073,middle,other
01dopXYpjwD8IFvgRasCTd,01dopXYpjwD8IFvgRasCTd,Hell And High Water,T. Graham Brown,1986,1980,34.0,0.277,0.526,0.609,0.115,1.8e-06,0.0251,0.24736274130007047,0.07972813880747824,middle,other
4P9bCYQWtzgU1a5LpFQSQK,4P9bCYQWtzgU1a5LpFQSQK,The Lost Paradise,Joe Hisaishi,1986,1980,41.0,0.0609,0.204,0.316,0.93,0.915,0.0335,-0.9133480321445399,-0.47917096584070934,low,other
2zsSadFqIXyjhcwlxJIl1s,2zsSadFqIXyjhcwlxJIl1s,Can Your Pussy Do the Dog?,The Cramps,1986,1980,36.0,0.98,0.273,0.279,0.0242,0.00127,0.173,0.5649215944024987,-0.25037997638490417,high,energetic_somber
6p3bhE5jahFtOk9QVNFnNY,6p3bhE5jahFtOk9QVNFnNY,Death at One's Elbow - 2011 Remaster,The Smiths,1987,1980,45.0,0.965,0.625,0.631,0.0718,3.74e-06,0.0627,0.6435537574109418,-0.0693126337848099,high,other
37u4N8Nje0UIJINbW7QULX,37u4N8Nje0UIJINbW7QULX,Overture,"Andrew Lloyd Webber, Phantom Of The Opera Original London Cast",1987,1980,41.0,0.362,0.0781,0.224,0.00451,0.245,0.0398,0.13546205399343253,-0.3870149697872193,middle,other
3uBV7qO7PSMatjXySYy6eo,3uBV7qO7PSMatjXySYy6eo,Give Me All Your Love - 2018 Remaster,Whitesnake,1987,1980,35.0,0.936,0.152,0.196,0.000895,0.000109,0.113,0.5230367835868814,-0.30582007086794316,high,energetic_somber
06kqVxin2I9UDejcTUFqIl,06kqVxin2I9UDejcTUFqIl,Soft as Snow (But Warm Inside),My Bloody Valentine,1988,1980,33.0,0.87,0.394,0.345,0.000304,0.025,0.0954,0.5533447941255273,-0.21381056346474825,high,other
0mglqLULsaV6sIYnQpXSY7,0mglqLULsaV6sIYnQpXSY7,Half A World Away,R.E.M.,1991,1990,46.0,0.5920000000000001,0.355,0.417,0.421,0.000763,0.0273,0.10935853250146392,0.021661105432916928,middle,other
76p5d8BcoUNIibKjCqOAOg,76p5d8BcoUNIibKjCqOAOg,It's A Man's World,James Brown,1991,1990,37.0,0.28,0.25,0.7290000000000001,0.322,0.000202,0.0366,0.0520981719508562,0.10626663515120394,middle,other
0c25pdkvRhymYdm5Rf3XWh,0c25pdkvRhymYdm5Rf3XWh,Old Country,Mark Chesnutt,1992,1990,40.0,0.527,0.583,0.521,0.123,4.29e-05,0.0263,0.36421885263697584,0.01668600830435812,middle,other
5aVvVMwfFwu5JSoMFZojDE,5aVvVMwfFwu5JSoMFZojDE,Designer Music,Lipps Inc.,1992,1990,54.0,0.5589999999999999,0.8390000000000001,0.81,0.0142,0.026,0.0777,0.547656144408811,0.08885914430994929,middle,other
6ZIuoDs3i1KjKurJf9miSs,6ZIuoDs3i1KjKurJf9miSs,I Will Come To You,Hanson,1997,1990,52.0,0.723,0.344,0.4370000000000001,0.0884,3.91e-05,0.0471,0.42522107187074654,-0.12477922840678675,high,other
5HQGvCeyUbpRm0gQdP61pP,5HQGvCeyUbpRm0gQdP61pP,Thanks a Lot,Third Eye Blind,1997,1990,42.0,0.812,0.43,0.4370000000000001,0.0157,0.000103,0.0318,0.5415515830783134,-0.15150604204031276,high,other
1VjYFbXSqx9Ly9GxQVUXV1,1VjYFbXSqx9Ly9GxQVUXV1,Bittersweet,Fuel,1997,1990,40.0,0.914,0.345,0.513,0.000157,1.13e-06,0.0329,0.5963735827239275,-0.1881080384336863,high,other
2zee8Zcesqwnnwliw2Jy8M,2zee8Zcesqwnnwliw2Jy8M,I Belong To You,Lenny Kravitz,1998,1990,49.0,0.664,0.63,0.69,0.000447,0.0343,0.0542,0.5455643622797741,-0.03511729666173374,middle,other
5JbIiEY2Ttextq0Eoiw7qn,5JbIiEY2Ttextq0Eoiw7qn,深い森,Do As Infinity,2001,2000,54.0,0.674,0.349,0.38,0.014,4.39e-06,0.0314,0.44981761039112667,-0.1525524803687326,middle,other
75OrTolKEnimJj625JUIft,75OrTolKEnimJj625JUIft,Run Free,Hans Zimmer,2002,2000,53.0,0.578,0.174,0.219,0.0293,0.927,0.0615,-0.004730441732509055,-0.9644007956547642,middle,other
1AGMpKtewRCfXJ0yUZp4qn,1AGMpKtewRCfXJ0yUZp4qn,The Beach House,South Park Mexican,2002,2000,44.0,0.631,0.627,0.89,0.199,0.000479,0.149,0.42136270999967734,0.12767212879752607,middle,other
4t17C4ZGrXN59lg1Ut7COM,4t17C4ZGrXN59lg1Ut7COM,Unsung,Helmet,2004,2000,49.0,0.885,0.664,0.345,9.22e-05,0.00372,0.0862,0.6252107816527167,-0.12828957917154407,high,other
48T3AtfhOgz3euMEO2Z4hS,48T3AtfhOgz3euMEO2Z4hS,LDN,Lily Allen,2006,2000,47.0,0.607,0.898,0.6729999999999999,0.0142,4.15e-06,0.027000000000000003,0.5730384113851295,0.07723540440273444,middle,other
1AoZIZSOgkRlZrKXq2QduS,1AoZIZSOgkRlZrKXq2QduS,The Guillotine,Escape the Fate,2006,2000,51.0,0.947,0.0925,0.442,0.0127,2.58e-06,0.181,0.5428374004021396,-0.25674661415387695,high,energetic_somber
5GtfrcFGPpZcFhPQ1O9Os2,5GtfrcFGPpZcFhPQ1O9Os2,Ganja Farmer,J Boog,2007,2000,52.0,0.5760000000000001,0.655,0.889,0.0498,0.0,0.0916,0.5113670040063459,0.08836205285337644,middle,other
48rJQa3TdMfnPJxh1oPxsZ,48rJQa3TdMfnPJxh1oPxsZ,El Prostipirugolfo,Los Titanes De Durango,2010,2010,56.0,0.93,0.893,0.757,0.289,1.08e-06,0.0764,0.5371694390966834,0.11914944129043967,high,other
7Dyq1bhhjknLKEGg4k5NLr,7Dyq1bhhjknLKEGg4k5NLr,Hold It Against Me,Britney Spears,2011,2010,59.0,0.722,0.389,0.648,0.0103,0.0,0.0427,0.5224615830296633,-0.09376833129772678,high,other
6TVs7Lap6ZcrpZk1xfOgtv,6TVs7Lap6ZcrpZk1xfOgtv,Perth,Bon Iver,2011,2010,53.0,0.453,0.0679,0.468,0.855,0.552,0.0464,-0.5387859049196946,-0.30588746231960257,middle,other
3DDGhkxq3FeUorZppSgeLE,3DDGhkxq3FeUorZppSgeLE,Somewhere Only We Know,Lily Allen,2013,2010,62.0,0.28600000000000003,0.278,0.314,0.935,0.0258,0.035,-0.46769111673444563,0.21739940710214808,middle,other
6Zo3wgDE076K2AuiGZF3CS,6Zo3wgDE076K2AuiGZF3CS,Fun (feat. Chris Brown),"Pitbull, Chris Brown",2014,2010,61.0,0.774,0.547,0.7929999999999999,0.156,0.0,0.0478,0.49213470202192566,0.021039353584505628,high,other
7bFElqzAlHXnnINRBXRQbK,7bFElqzAlHXnnINRBXRQbK,Lil Bit,K CAMP,2014,2010,54.0,0.626,0.726,0.516,0.48,0.0,0.705,0.1860322359421138,0.24488540872599232,middle,other
6hbwFerDj55bMGZZvcInze,6hbwFerDj55bMGZZvcInze,Bottoms Up - Remix,"Brantley Gilbert, T.I.",2015,2010,57.0,0.754,0.303,0.5589999999999999,0.0153,0.0,0.0712,0.504428325838104,-0.13929400223794167,high,other
2NU2U0wWzGtZtuu1QsacOb,2NU2U0wWzGtZtuu1QsacOb,Love & War in Your Twenties,Jordy Searcy,2018,2010,64.0,0.525,0.529,0.736,0.22,0.00152,0.0296,0.30860020428790896,0.0842925572024673,middle,other
5hsVJEsoRAAIgcekezkOK2,5hsVJEsoRAAIgcekezkOK2,Часть 52.5 & Часть 53.1 - Фиеста,Эрнест Хемингуэй,1926,1920,0.0,0.316,0.32,0.7859999999999999,0.14300000000000002,0.0,0.933,0.24334871914300338,0.18113158983796876,middle,other
6lGM86SXGL8N1u6euSQzpv,6lGM86SXGL8N1u6euSQzpv,Arco Iris - Remasterizado,Ignacio Corsini,1929,1920,0.0,0.177,0.8190000000000001,0.614,0.994,0.0691,0.118,-0.424269672192071,0.4536645262554404,low,calm_positive
7pAx8f3iycA1hpUZWLKayk,7pAx8f3iycA1hpUZWLKayk,Nobody's Fault But Your Own (Carroll Gibbons),Carroll Gibbons,1929,1920,0.0,0.134,0.508,0.581,0.983,0.00916,0.0608,-0.48642294309002704,0.4107920502143259,low,other
3X9JRWs6qpAcR7rNldK3S0,3X9JRWs6qpAcR7rNldK3S0,Cette Chanson Est Pour Vous Madame,Jean Sablon,1935,1930,0.0,0.132,0.476,0.528,0.988,0.000456,0.0532,-0.5023018101858585,0.3987827419253734,low,other
3gWhV34vWEBwguH0RP2w7j,3gWhV34vWEBwguH0RP2w7j,comfort ye my people,"n/a, Händel, Georg Friedrich (DP), In Motion",1935,1930,0.0,0.332,0.26,0.376,0.758,0.0482,0.0296,-0.3152038457930895,0.1327047971703574,middle,other
3qpf3OgA9z1gOvKQFSFPcA,3qpf3OgA9z1gOvKQFSFPcA,Часть 42.4 & Часть 43.1 - Зеленые холмы Африки,Эрнест Хемингуэй,1935,1930,0.0,0.135,0.634,0.7190000000000001,0.166,0.0,0.936,0.193477115482713,0.3044726838508684,low,other
71RfcVACN01ZDANIgkU2tt,71RfcVACN01ZDANIgkU2tt,Soja Soja Soja Ri,"Gauhar Sultana, Vasanti",1939,1930,0.0,0.0913,0.17,0.417,0.994,0.86,0.109,-0.9181391792689076,-0.39559630576183974,low,other
2Dz52r8jzjl7ruLggMrlr8,2Dz52r8jzjl7ruLggMrlr8,Suite (From Dr. Ehrlich's Magic Bullet) (1940),Max Steiner,1940,1940,0.0,0.34600000000000003,0.039,0.14400000000000002,0.722,0.945,0.0309,-0.6861118791363529,-0.7318150525957865,middle,other
7dWxDukv01frgyOoZggahu,7dWxDukv01frgyOoZggahu,"Allegretto in C Minor, D. 915","Franz Schubert, Claudio Arrau",1941,1940,0.0,0.015,0.114,0.45,0.995,0.915,0.103,-0.9837382553025203,-0.43013273064481344,low,other
7xwsSlD11YMsGR8gCEEf6u,7xwsSlD11YMsGR8gCEEf6u,Kabhi Yaad Ansoo Ban Ke,"Khursheed Bano, Vasanti, Aroon",1941,1940,0.0,0.0771,0.807,0.597,0.994,0.815,0.435,-0.7438140728337085,-0.10063476069490934,low,calm_positive
3rJQ6ZptQzQiDxCCIIuG4K,3rJQ6ZptQzQiDxCCIIuG4K,Tolon Tolon,Natalino Otto,1942,1940,0.0,0.14300000000000002,0.863,0.49,0.989,0.897,0.0869,-0.7468554192435892,-0.2397787589235216,low,calm_positive
3sLBK2ac5HVQdJcPEYUC61,3sLBK2ac5HVQdJcPEYUC61,"Violin Concerto in D Major, Op. 35: III. Finale. Allegro vivacissimo","Pyotr Ilyich Tchaikovsky, Isaac Stern, Alexander Hilsberg, Philadelphia Orchestra",1947,1940,0.0,0.161,0.284,0.318,0.955,0.754,0.0453,-0.8069935643696344,-0.3391028760836785,low,other
0cMBObLOUv4FYWbhNNR4sC,0cMBObLOUv4FYWbhNNR4sC,"Verdi : Il trovatore : Part 3 - Il figlio della Zingara ""Or co' dadi... Squilli, echeggi la tromba guerriera"" [Chorus, Ferrando]","Giuseppe Verdi, Fernando Previtali, Orchestra Sinfonica di Roma della RAI",1951,1950,0.0,0.267,0.297,0.499,0.974,0.000188,0.0635,-0.46663121684311953,0.3070893865823912,middle,other
0nY9Jp2l9U3MFbWMHx4QLv,0nY9Jp2l9U3MFbWMHx4QLv,"Principessa, Boleslao può cominciar","Umberto Giordano, Mario Rossi, Orchestra Lirica e Coro di Milano della RAI",1951,1950,0.0,0.0734,0.125,0.436,0.982,1.65e-05,0.0816,-0.6126759008858819,0.2997626169583039,low,other
0hl9m8ELW5sbv2grzTZkHa,0hl9m8ELW5sbv2grzTZkHa,Serbia: Kapetan Cizmic (Folksong),Unspecified,1952,1950,0.0,0.363,0.931,0.5589999999999999,0.866,0.000297,0.0708,-0.19632374560591787,0.43046435586522014,middle,other
0K0nEdQkPY3Nbebf1BqkBW,0K0nEdQkPY3Nbebf1BqkBW,"Symphony No. 40 in G Minor, K. 550: I. Molto Allegro - 1999 Remsatered","Wolfgang Amadeus Mozart, Arturo Toscanini",1953,1950,1.0,0.236,0.234,0.287,0.977,0.906,0.0386,-0.8567904406487,-0.495998707797903,low,other
55Xwe66WVl48N9mDHF5nba,55Xwe66WVl48N9mDHF5nba,Time On My Hands,Paul Bley,1954,1950,6.0,0.361,0.6579999999999999,0.494,0.954,0.867,0.0417,-0.645502269580997,-0.3419127596074499,middle,other
6ywAQI2UrGwgv2e3tiqwun,6ywAQI2UrGwgv2e3tiqwun,Rosa,"Percy Faith, Mitch Miller",1954,1950,5.0,0.307,0.525,0.245,0.8190000000000001,0.902,0.0396,-0.6462088661880162,-0.4971868131659115,middle,other
1D0CsLho4fqtHEGFohK23Z,1D0CsLho4fqtHEGFohK23Z,Locomotive - RVG Remaster,Thelonious Monk,1954,1950,5.0,0.453,0.53,0.711,0.6779999999999999,0.0498,0.0363,-0.09211516292167679,0.22141334848564595,middle,other
3QyWZeMChJkELwkafCS5lZ,3QyWZeMChJkELwkafCS5lZ,Little Girl,Jackie Gleason,1954,1950,3.0,0.273,0.0961,0.218,0.968,0.91,0.0345,-0.8719693772946022,-0.5648354021286108,middle,other
65aaGE6akRpBXo5vRgcHU0,65aaGE6akRpBXo5vRgcHU0,September In The Rain,"Bing Crosby, Buddy Bregman",1956,1950,12.0,0.166,0.6559999999999999,0.555,0.5379999999999999,0.0,0.0337,-0.10562529121894085,0.2823491594448169,low,other
3ICydrdOzvHLD5cA9WiSCU,3ICydrdOzvHLD5cA9WiSCU,Wait Till You See Her - Remastered,Frank Sinatra,1957,1950,17.0,0.142,0.203,0.29600000000000004,0.919,0.0017,0.0373,-0.5361239147857718,0.2431159549151971,low,other
0rEvpbvxvDd7RNTW4yBm34,0rEvpbvxvDd7RNTW4yBm34,Deva Deva Davalachala,Ghantasala,1958,1950,14.0,0.333,0.6609999999999999,0.59,0.944,1.92e-05,0.0713,-0.3220682425349175,0.3999047966996671,middle,other
5Q5UL0mA0oDVDgfB972mLc,5Q5UL0mA0oDVDgfB972mLc,Hurry Up,Ritchie Valens,1959,1950,16.0,0.7490000000000001,0.862,0.573,0.758,9.94e-06,0.032,0.06205120071782035,0.27614631688149144,high,other
3MZO2IzNgC6XlaGAnKjAwr,3MZO2IzNgC6XlaGAnKjAwr,Sleeping Beauty,Disney Studio Chorus,1959,1950,16.0,0.155,0.16899999999999998,0.163,0.979,0.18600000000000005,0.0358,-0.6676545771645525,0.070848700697383,low,other
3owbtkcgCpq9MdtbhWz6qi,3owbtkcgCpq9MdtbhWz6qi,Muse Rapture,Philly Joe Jones,1960,1960,18.0,0.338,0.73,0.565,0.6,0.0497,0.0445,-0.06839236162013958,0.24472498085319275,middle,other
5GZ9HoGgWeXJQ6F55VkATl,5GZ9HoGgWeXJQ6F55VkATl,Island Girl,Eden Ahbez,1960,1960,17.0,0.2,0.343,0.445,0.8690000000000001,0.00124,0.0389,-0.4194074658684377,0.2825608693799105,low,other
5tEGRrYw5YnHuduUNgHmxu,5tEGRrYw5YnHuduUNgHmxu,You Won't Have to Cry,The Byrds,1965,1960,25.0,0.647,0.8170000000000001,0.596,0.11,0.0,0.0312,0.4929492423923505,0.06301772346082765,middle,other
5EyZS1mz26fvcmHHXQDy6I,5EyZS1mz26fvcmHHXQDy6I,La Cabeza del Lechon,"El Gran Combo De Puerto Rico, Gilberto Santa Rosa",1965,1960,21.0,0.8440000000000001,0.967,0.632,0.81,2.2e-05,0.0535,0.10048890872541089,0.31550822631564235,high,other
7LehAvMS14FjPqKmlfbo1B,7LehAvMS14FjPqKmlfbo1B,Cheesecake,Louis Armstrong,1966,1960,26.0,0.561,0.775,0.7609999999999999,0.499,0.0,0.192,0.17515779060121844,0.26926440345266195,middle,other
3ps7CQq1zNxAvbXMgHfypY,3ps7CQq1zNxAvbXMgHfypY,Around The World - Remastered,Nat King Cole,1966,1960,24.0,0.385,0.227,0.218,0.893,1.53e-05,0.0307,-0.40218938113796443,0.16338772617073152,middle,other
2a7C7IcqJeNp2d361QjuN4,2a7C7IcqJeNp2d361QjuN4,Get On Up,The Esquires,1967,1960,24.0,0.472,0.963,0.7040000000000001,0.596,0.0,0.0315,0.08696146618532637,0.34328317130639396,middle,other
25Zvna5RVdQMQLUlXrSUcT,25Zvna5RVdQMQLUlXrSUcT,Two for the Road,Henry Mancini,1967,1960,31.0,0.248,0.128,0.3720000000000001,0.977,0.00103,0.0307,-0.5324784844832711,0.23394154199434172,low,other
6saTHS2XY1hdNiHRLtB32j,6saTHS2XY1hdNiHRLtB32j,I Wish It Would Rain,Gladys Knight & The Pips,1968,1960,28.0,0.324,0.552,0.612,0.406,0.00035,0.08199999999999999,0.05842262566694958,0.18670287676619013,middle,other
09MFXxQGUvMk1yuwu35oC7,09MFXxQGUvMk1yuwu35oC7,Mockingbird,"Peter, Paul and Mary",1969,1960,29.0,0.182,0.408,0.78,0.904,0.0,0.0623,-0.3930883948556149,0.395739668055919,low,other
5DKCrbivQkzlCifKgGi2Ox,5DKCrbivQkzlCifKgGi2Ox,Tamalpais High (At About 3),David Crosby,1971,1970,34.0,0.259,0.41,0.475,0.481,0.0109,0.0325,-0.08381267529364483,0.14555977462927278,middle,other
0Mem183C3GkriwI6xngQuK,0Mem183C3GkriwI6xngQuK,Thank You For Your Love,The Dramatics,1971,1970,28.0,0.5670000000000001,0.716,0.436,0.494,5.93e-05,0.0553,0.1214177596403615,0.15993543290520484,middle,other
1SGTEdUECjytlDGrB6W5nm,1SGTEdUECjytlDGrB6W5nm,Fencewalk,Mandrill,1972,1970,37.0,0.568,0.963,0.5770000000000001,0.168,0.0616,0.0536,0.41641492716641143,0.09077258989821745,middle,other
66lhv3HVsgYVJcvOIiOIyC,66lhv3HVsgYVJcvOIiOIyC,It's Up to You,John Denver,1974,1970,30.0,0.368,0.768,0.54,0.884,3.4e-06,0.0274,-0.24499211181155062,0.38197518727415714,middle,other
27MN81oANimeLuRnJIpgcg,27MN81oANimeLuRnJIpgcg,Planté Bandera,"Tommy Olivencia y Su Orquesta, Chamaco Ramírez",1975,1970,32.0,0.6920000000000001,0.961,0.595,0.685,5.83e-06,0.0485,0.11305383796109977,0.29800198450000115,middle,other
3xLzD9fxfgzItKBPgxvHb7,3xLzD9fxfgzItKBPgxvHb7,Lady,Supertramp,1975,1970,43.0,0.72,0.685,0.647,0.424,0.000447,0.0333,0.2720322761175353,0.13257384118759621,high,other
7IkEC7xL7C1RIoqOsOlkZb,7IkEC7xL7C1RIoqOsOlkZb,God Save The Queen,Queen,1975,1970,27.0,0.271,0.16,0.171,0.795,0.764,0.0359,-0.6829033794793881,-0.49910342358755266,middle,other
123Knw8YTwtauhn4fcbH6L,123Knw8YTwtauhn4fcbH6L,Song Within A Song,Camel,1976,1970,42.0,0.5579999999999999,0.121,0.227,0.293,0.79,0.0311,-0.17371307203715072,-0.7692613626070857,middle,other
2Xu7MPDIsDobH3czJMAhZM,2Xu7MPDIsDobH3czJMAhZM,Mouse Robot and Blasting Off,"John Williams, London Symphony Orchestra",1977,1970,32.0,0.156,0.0566,0.156,0.747,0.463,0.038,-0.6178888899139372,-0.27147177677218826,low,other
0mONC9WyQSPG869cO2zfIL,0mONC9WyQSPG869cO2zfIL,Rainbows,Dennis Wilson,1977,1970,32.0,0.561,0.29100000000000004,0.505,0.202,0.0,0.0281,0.25799133795793555,-0.045787898244227326,middle,other
4OT7Ndu29Z7JfhwRS2iCJX,4OT7Ndu29Z7JfhwRS2iCJX,The Book I Read,Talking Heads,1977,1970,27.0,0.422,0.795,0.619,0.0702,1.39e-05,0.037000000000000005,0.410680210139079,0.10437539230906878,middle,other
02vXjp2iu7SbGfhf231dS9,02vXjp2iu7SbGfhf231dS9,Thela Hun Ginjeet,King Crimson,1981,1980,35.0,0.87,0.655,0.579,0.087,0.0554,0.0571,0.5640710550634972,-0.09011015165511947,high,other
5xVlhz9IXFsj64d0JzwGe1,5xVlhz9IXFsj64d0JzwGe1,Garlands,Cocteau Twins,1982,1980,34.0,0.939,0.193,0.487,0.311,0.443,0.0877,0.17927637027500826,-0.48722238543584934,high,energetic_somber
4d0DpU7Odiv0ztvX2GxJlk,4d0DpU7Odiv0ztvX2GxJlk,Exagerado,Cazuza,1985,1980,56.0,0.6629999999999999,0.8220000000000001,0.6779999999999999,0.0874,0.0161,0.0307,0.5245274070926111,0.05731895741877707,middle,other
0O26xhtmlMyLrQjYVaFeHP,0O26xhtmlMyLrQjYVaFeHP,Coconut Champagne - Live,Maynard Ferguson,1985,1980,29.0,0.726,0.794,0.551,0.003820000000000001,0.076,0.0881,0.5740122544009231,-0.06574887889381333,high,other
6JrbcoCC9Zotanq4Or4nST,6JrbcoCC9Zotanq4Or4nST,Who Said I Would - 2016 Remaster,Phil Collins,1985,1980,36.0,0.9,0.491,0.688,0.16399999999999998,0.00988,0.049,0.5181597930623505,-0.05376259435193859,high,other
2optK7AVGw8g1TulyowqhQ,2optK7AVGw8g1TulyowqhQ,"Be All, End All",Anthrax,1988,1980,40.0,0.86,0.3,0.383,1.76e-05,0.000302,0.0601,0.5425481565980479,-0.21265952959318726,high,other
2lxfnTyWxW381PXDm9Mg77,2lxfnTyWxW381PXDm9Mg77,Impulsive,Wilson Phillips,1990,1990,39.0,0.76,0.71,0.657,0.171,0.00551,0.0298,0.4868067352650404,0.03678212315951692,high,other
5PwaPGDCqwyWqoh7PjQooK,5PwaPGDCqwyWqoh7PjQooK,"Ma mère l'oye, M. 60 (Version for Piano Duo): III. Laideronnette, imperatrice des pagodes","Maurice Ravel, Louis Lortie, Hélène Mercier",1990,1990,39.0,0.0119,0.108,0.331,0.983,0.956,0.0372,-1.0102732779345207,-0.5039722720719403,low,other
3dopATahEqGdQMC7W7J1L2,3dopATahEqGdQMC7W7J1L2,It's Love,King's X,1990,1990,37.0,0.769,0.5379999999999999,0.484,0.0164,1.52e-06,0.0388,0.5492817359386465,-0.09996120384495102,high,other
4Skjk0bel9gVG0jLVuKpJQ,4Skjk0bel9gVG0jLVuKpJQ,Rock This Town,Stray Cats,1990,1990,33.0,0.91,0.691,0.279,0.032,1.18e-06,0.0544,0.6107313527407079,-0.1315414636670758,high,other
7mH7zpdy4FFmdL37izElST,7mH7zpdy4FFmdL37izElST,Ballroom Blitz,Tia Carrere,1992,1990,40.0,0.948,0.8079999999999999,0.6920000000000001,0.0122,0.0393,0.0454,0.7124284063103262,-0.05783081019555342,high,other
5NyFFIp7NRmqF0wmuJLxqZ,5NyFFIp7NRmqF0wmuJLxqZ,Supa Scoopa and Mighty Scoop,Kyuss,1994,1990,47.0,0.679,0.406,0.263,0.202,0.7759999999999999,0.0498,0.02474918842886838,-0.732652228369771,middle,other
0zkoZ4af2wJVnxDrUKcjAB,0zkoZ4af2wJVnxDrUKcjAB,Near You Always,Jewel,1995,1990,41.0,0.182,0.366,0.301,0.913,0.0,0.0386,-0.47629480017507725,0.2778365717608792,low,other
3rGlvhGguVckWnkFiaslsB,3rGlvhGguVckWnkFiaslsB,I Won’t Complain,Rev. Paul Jones,1996,1990,39.0,0.457,0.232,0.17,0.1,0.0,0.0446,0.2243599206059564,-0.1449025506375433,middle,other
4NLWlxYCPrw2PhfJvfxRWI,4NLWlxYCPrw2PhfJvfxRWI,Mandinga,Ruben Gonzalez,1997,1990,52.0,0.473,0.708,0.584,0.693,0.659,0.037000000000000005,-0.29533289794554435,-0.25885696429649613,middle,other
4cMbAP64BETo4dBW8GUwYD,4cMbAP64BETo4dBW8GUwYD,Gotta Go,Agnostic Front,1998,1990,52.0,0.947,0.234,0.218,0.00117,0.0,0.135,0.5490055515029769,-0.2784363478576899,high,energetic_somber
7LzTw8OiYmhtInORp4LOMi,7LzTw8OiYmhtInORp4LOMi,Beautiful Dreamer,Fred Mollin,2000,2000,43.0,0.13,0.311,0.33,0.976,0.919,0.0329,-0.8909011371286075,-0.4511603243130191,low,other
0IKGay6QHzB1A0P00h60Gg,0IKGay6QHzB1A0P00h60Gg,New,No Doubt,2000,2000,41.0,0.7979999999999999,0.261,0.51,0.126,0.0,0.0384,0.4265614997816395,-0.13718707445816747,high,energetic_somber
1kDWRREI28eCvDpJvSRd9b,1kDWRREI28eCvDpJvSRd9b,All the Love in the World,The Corrs,2000,2000,57.0,0.695,0.309,0.461,0.195,1.04e-06,0.0293,0.3269409114257108,-0.08620540551539117,middle,other
44LFap7VrB4356vfbQOZHg,44LFap7VrB4356vfbQOZHg,Set It Off,Juvenile,2001,2000,43.0,0.595,0.746,0.695,0.18,1.2e-05,0.194,0.4165449475906452,0.12473810965989854,middle,other
3NHfaIO3ELy1nm9tpMwzp9,3NHfaIO3ELy1nm9tpMwzp9,Summertime,DJ Jazzy Jeff & The Fresh Prince,2002,2000,47.0,0.735,0.441,0.6679999999999999,0.0138,0.0,0.0615,0.5403079356199082,-0.07478918877506853,high,other
6ef95vgK7yUu6Bg61m2BsJ,6ef95vgK7yUu6Bg61m2BsJ,El Bato Gacho,Las Jilguerillas,2003,2000,45.0,0.468,0.8859999999999999,0.5720000000000001,0.43,1.95e-05,0.0398,0.1752980129203929,0.23587491479503553,middle,other
2fnbCZHLXyrSdWhaRlBwQP,2fnbCZHLXyrSdWhaRlBwQP,The Light That Blinds,Shadows Fall,2004,2000,47.0,0.938,0.502,0.4270000000000001,4.8e-05,0.00133,0.0706,0.6294124757234616,-0.16700529818252913,high,other
3aByRUC2BVL6Fs1zI723sd,3aByRUC2BVL6Fs1zI723sd,Human After All,Daft Punk,2005,2000,46.0,0.725,0.802,0.608,0.00139,0.0546,0.342,0.5973563696743593,-0.0011104583288187647,high,other
7xJqaCgeteqWPogqjjxkBl,7xJqaCgeteqWPogqjjxkBl,American Saturday Night,Brad Paisley,2009,2000,49.0,0.938,0.733,0.487,0.0721,2.63e-05,0.0533,0.6323425181063339,-0.06663321091158626,high,other
0YMSaZ3DPE898PQ28VgRav,0YMSaZ3DPE898PQ28VgRav,Flex,The Party Boyz,2009,2000,46.0,0.503,0.595,0.821,0.0741,0.0,0.134,0.4357187659809355,0.0891956506493258,middle,other
1gNYgcUv09qq8sXcCiRmFj,1gNYgcUv09qq8sXcCiRmFj,All I Want For Christmas Is You,Mariah Carey,2010,2010,58.0,0.9,0.395,0.542,0.0738,0.0,0.0546,0.5490447212182589,-0.13558378829900006,high,other
5TgD3Wh5ZUZnUU4tmVvJbx,5TgD3Wh5ZUZnUU4tmVvJbx,It's Raining Men,The Weather Girls,2010,2010,63.0,0.898,0.657,0.705,0.207,0.00118,0.0702,0.5256436097790032,0.020637366791421318,high,other
03EuhmMsEHVFI9ytainStU,03EuhmMsEHVFI9ytainStU,I Can't Stop,Flux Pavilion,2010,2010,59.0,0.775,0.205,0.513,0.000672,0.248,0.0304,0.40787186967467487,-0.3955193684967974,high,energetic_somber
4i76vmvahz5a4MhinU59sI,4i76vmvahz5a4MhinU59sI,This Means War,Nickelback,2011,2010,54.0,0.967,0.8059999999999999,0.5589999999999999,3.74e-05,0.276,0.0777,0.6264230931751319,-0.28736913293583094,high,other
77yuzxCS3csrgTPSW0pvyk,77yuzxCS3csrgTPSW0pvyk,O,Coldplay,2014,2010,63.0,0.21600000000000005,0.0645,0.371,0.911,0.826,0.0358,-0.8118210644547261,-0.4763464971720584,low,other
7j04glqh2SY6Es6jiQEhgf,7j04glqh2SY6Es6jiQEhgf,Untitled,Knuckle Puck,2015,2010,56.0,0.887,0.215,0.266,0.00935,0.28,0.0348,0.41245823663936393,-0.4981637027672561,high,energetic_somber
7fJtPlEZKxu6gvkfBFc5tW,7fJtPlEZKxu6gvkfBFc5tW,Too Good,"Drake, Rihanna",2016,2010,57.0,0.653,0.393,0.7929999999999999,0.0484,4.91e-05,0.103,0.482034025479135,-0.02197670275567416,middle,other
5vgdeMt4uKUN2BeltZjoDh,5vgdeMt4uKUN2BeltZjoDh,UGH!,The 1975,2016,2010,56.0,0.7070000000000001,0.863,0.7759999999999999,0.222,0.0,0.175,0.47577396842932373,0.15925840167071736,middle,other
1BRwuvjhkgezmv1gcI6lT6,1BRwuvjhkgezmv1gcI6lT6,Die Young,Sylvan Esso,2017,2010,61.0,0.544,0.418,0.696,0.3720000000000001,0.004379999999999999,0.0335,0.17372508415888133,0.09305853914324706,middle,other
6K2anECyrckidwf5wxS78Q,6K2anECyrckidwf5wxS78Q,NBAYOUNGBOAT,"Lil Yachty, YoungBoy Never Broke Again",2018,2010,63.0,0.807,0.364,0.769,0.0515,0.0,0.306,0.5498115400788289,-0.04586966586586701,high,other
3pHkh7d0lzM2AldUtz2x37,3pHkh7d0lzM2AldUtz2x37,The Archer,Taylor Swift,2019,2010,69.0,0.574,0.166,0.292,0.12,0.00569,0.0401,0.2680803630252641,-0.1626314086508201,middle,other
0OsYwz3SCLD98IvWfdLeRQ,0OsYwz3SCLD98IvWfdLeRQ,Shotta Flow 3,NLE Choppa,2019,2010,64.0,0.716,0.812,0.7240000000000001,0.00843,0.0,0.385,0.6266113214406644,0.08259440610062145,high,other
5htUdv9kMaGD9VApOUf6ZF,5htUdv9kMaGD9VApOUf6ZF,What a wonderful world,"n/a, Weiss, George D., Douglas, George, In Motion",1935,1930,0.0,0.405,0.242,0.29600000000000004,0.487,0.856,0.0326,-0.3839065929321408,-0.668153713196907,middle,other
2M9RZU1pBT1rnEgQHKMS2o,2M9RZU1pBT1rnEgQHKMS2o,Osa kinteria ston ntounia,Saltoy Maria,1940,1940,0.0,0.403,0.71,0.442,0.856,0.000851,0.0335,-0.23281210559047727,0.32590787945625077,middle,other
50SFrHZ0lv5YKejoWPimwS,50SFrHZ0lv5YKejoWPimwS,"Piano Concerto No. 4 in G Major, Op. 58: III. Rondo: Vivace - Presto","Ludwig van Beethoven, Wilhelm Kempff, Staatskapelle Berlin, Paul van Kempen",1942,1940,0.0,0.191,0.18,0.302,0.976,0.835,0.0407,-0.8616234242030427,-0.43787118310411144,low,other
4Q5ZBv6nYPTIRXIFGKMajb,4Q5ZBv6nYPTIRXIFGKMajb,Grasshoppers In My Pillow,Lead Belly,1947,1940,2.0,0.306,0.575,0.6609999999999999,0.8009999999999999,0.00783,0.0423,-0.2392887763992592,0.33795205962955926,middle,other
3FsQg60FAPJMN2bFzNLDR9,3FsQg60FAPJMN2bFzNLDR9,"Часть 15.9 - Другие голоса, другие комнаты",Трумен Капоте,1948,1940,0.0,0.241,0.628,0.652,0.757,0.0,0.955,-0.20913409016068119,0.4750426891629797,low,other
3JL34oO610VpPoswQp34nn,3JL34oO610VpPoswQp34nn,"A Sermon, a Narrative, and a Prayer: II. A Narrative","Igor Stravinsky, CBC Symphony Orchestra",1948,1940,0.0,0.151,0.0489,0.316,0.956,5.75e-06,0.0689,-0.5879168296564931,0.22235427468158672,low,other
3XnJnERI9XC4eJtkCs0rm4,3XnJnERI9XC4eJtkCs0rm4,Dil Tadap Kar Rah Gaya,Surendra,1948,1940,0.0,0.161,0.545,0.561,0.993,0.259,0.101,-0.5657432979054487,0.21312207620065482,low,other
3uXUaEDViZxIjXF7kHkfSD,3uXUaEDViZxIjXF7kHkfSD,"Symphony No. 2 in D Major, Op. 36: IV. Allegro molto","Ludwig van Beethoven, Fritz Reiner, Pittsburgh Symphony Orchestra",1948,1940,0.0,0.189,0.32,0.326,0.946,0.809,0.0395,-0.7978268308339248,-0.3836684304369606,low,other
1m8epcwSD06TJu7kYyTv1m,1m8epcwSD06TJu7kYyTv1m,"La Bohême, Act I: ""Che gelida manina""","Giacomo Puccini, Richard Tucker, Fausto Cleva [Conductor]",1949,1940,0.0,0.251,0.11,0.274,0.987,9.48e-06,0.0401,-0.5555104866503995,0.21212495372963955,low,other
0mOcyFzZJpaVYjPTk7jgyY,0mOcyFzZJpaVYjPTk7jgyY,Jadoo Bhare Nainon Men,"Shamshad Begum, Dilip Kumar",1950,1950,1.0,0.335,0.973,0.632,0.887,0.0128,0.0435,-0.21188949537955795,0.458697058804589,middle,other
1OfVL4f3hPVwXY0p92G2qf,1OfVL4f3hPVwXY0p92G2qf,Boy Dênim,Mamlê,1951,1950,0.0,0.541,0.889,0.662,0.812,0.00983,0.0332,-0.06648466742458742,0.3660667807009622,middle,other
1AQxvoixy5r7PdTP8Cw3l7,1AQxvoixy5r7PdTP8Cw3l7,Kolednice Idu,"Karel Martiš, Orchestr lidových nástrojů VUS Ondráš z Brna, Dívčí pěvecký sbor Zvoneček z Rožnova pod Radhoštěm",1952,1950,1.0,0.0664,0.23,0.322,0.799,0.000105,0.0457,-0.4730746480603596,0.2344840686766934,low,other
0xGNEVQBa1b1CJkGfjReSn,0xGNEVQBa1b1CJkGfjReSn,"Verdi : La Traviata : Act 3 ""Addio, del passato bei sogni ridenti"" [Violetta, Chorus]","Giuseppe Verdi, Gabriele Santini, Maria Callas, Orchestra Sinfonica Di Torino Della Rai",1954,1950,10.0,0.0704,0.0883,0.261,0.988,0.0732,0.0463,-0.6781568252912255,0.18904088929455895,low,other
2eTgSOv0fwBjclwImMDZFm,2eTgSOv0fwBjclwImMDZFm,"Verdi : La Traviata : Act 1 ""Ah, fors'è lui che l'anima"" [Violetta]","Giuseppe Verdi, Gabriele Santini, Maria Callas, Orchestra Sinfonica Di Torino Della Rai",1954,1950,13.0,0.0462,0.123,0.225,0.988,0.00193,0.0522,-0.6618346790651748,0.2557186586821194,low,other
0AIhD0llZhXePFGfdKOlax,0AIhD0llZhXePFGfdKOlax,All of You,Miles Davis,1955,1950,7.0,0.271,0.5589999999999999,0.6559999999999999,0.426,6.52e-05,0.0413,0.024269787989149357,0.2136146446213659,middle,other
5lsVGtOJeJX8hV0MyTrx1g,5lsVGtOJeJX8hV0MyTrx1g,Look For The Silver Lining - Instrumental,Chet Baker,1958,1950,18.0,0.252,0.494,0.612,0.983,0.4970000000000001,0.0443,-0.6044443862362301,-0.018286430862602187,low,other
40vTnLBvRg7HIqACx8SmSD,40vTnLBvRg7HIqACx8SmSD,Dark Eyes,Esquivel!,1958,1950,14.0,0.728,0.77,0.6629999999999999,0.7040000000000001,0.861,0.0394,-0.22717100564897816,-0.44931936217906626,high,other
6sm5IkQ2p6kBAZ3OuHNmDB,6sm5IkQ2p6kBAZ3OuHNmDB,Wake up Little Susie,Frankie Lymon,1958,1950,9.0,0.679,0.972,0.643,0.703,0.0,0.0314,0.10184603161342441,0.3191007513795074,middle,other
0CeQ71OWCC4EJuLVf5Amai,0CeQ71OWCC4EJuLVf5Amai,Old Devil Moon,Peggy Lee,1959,1950,14.0,0.245,0.531,0.466,0.7020000000000001,0.0,0.0395,-0.22869286004205677,0.268453503341632,low,other
7nvixpwWWuh5VolcOlLGQx,7nvixpwWWuh5VolcOlLGQx,The Beginning,Sun Ra,1962,1960,15.0,0.8,0.376,0.402,0.0551,0.000485,0.091,0.49066573700012167,-0.1495406825040289,high,other
6uNvF2zNyercjW6VEmZ46s,6uNvF2zNyercjW6VEmZ46s,Crying Guitar (aka Surfer's Lament),The Lively Ones,1963,1960,20.0,0.315,0.611,0.362,0.679,0.884,0.0278,-0.49614456586698047,-0.4865370032747436,middle,other
5tdD4ZvCyVNxzJkhwCYa0R,5tdD4ZvCyVNxzJkhwCYa0R,Stupidity,Solomon Burke,1963,1960,18.0,0.363,0.951,0.665,0.617,0.0,0.0403,0.009602751350686313,0.3669392473568975,middle,other
4mtgGu7EI1txi6GCmMsGZc,4mtgGu7EI1txi6GCmMsGZc,Don't Rain On My Parade,Nancy Wilson,1964,1960,21.0,0.647,0.843,0.489,0.591,0.0,0.0527,0.12198868924603819,0.220620101925449,middle,other
0tWXQACR90MNkapZiVvzG8,0tWXQACR90MNkapZiVvzG8,After The Lights Go Down Low,"Marvin Gaye, Mary Wells",1964,1960,17.0,0.552,0.59,0.616,0.215,0.0,0.0545,0.3226579915961521,0.07006312526050557,middle,other
6dcZiujlB3HkKk1c4AoRE2,6dcZiujlB3HkKk1c4AoRE2,Since You Won My Heart,Smokey Robinson & The Miracles,1965,1960,21.0,0.54,0.8490000000000001,0.428,0.479,0.0,0.0345,0.14586967121687558,0.1928028962378306,middle,other
7o1uk0EggQTrrimRECjZOr,7o1uk0EggQTrrimRECjZOr,Tune Up,Jr. Walker & The All Stars,1965,1960,24.0,0.6859999999999999,0.5,0.4270000000000001,0.0634,0.0218,0.0362,0.44906638640899127,-0.10388426294355377,middle,other
3sQTZ75YuMDKVoHtbsqiej,3sQTZ75YuMDKVoHtbsqiej,Snowfall (with Paula Kelly),"Tex Beneke, Ray Eberle, The Modernaires, Paula Kelly",1965,1960,21.0,0.0973,0.151,0.408,0.866,0.823,0.0306,-0.8121167225862734,-0.4296219998488112,low,other
2hyLD5nWOJ3k0nQ8XGj1g2,2hyLD5nWOJ3k0nQ8XGj1g2,"Willow Weep For Me - Live At The Half Note, 1965","Wes Montgomery, Wynton Kelly Trio",1965,1960,20.0,0.395,0.774,0.6920000000000001,0.929,0.0287,0.14,-0.25136004342619106,0.4178043762128674,middle,other
1tVkVu8AuDAFMI3rkUPdAp,1tVkVu8AuDAFMI3rkUPdAp,Got A Feelin',The Mamas & The Papas,1966,1960,17.0,0.245,0.501,0.5870000000000001,0.908,0.00931,0.028,-0.3765670260183586,0.35166030640102053,low,other
5jGctlCbKAkVCDHPDzbGTn,5jGctlCbKAkVCDHPDzbGTn,Canadian Railroad Trilogy,Gordon Lightfoot,1967,1960,25.0,0.436,0.472,0.364,0.0413,9.19e-06,0.0321,0.33558406978141675,-0.05416795185696423,middle,other
1gSPqq0svrejqgK80DdWFH,1gSPqq0svrejqgK80DdWFH,Officer Boodang,Lil Boodang,1969,1960,26.0,0.787,0.299,0.852,0.00561,0.0332,0.0517,0.5558232570997392,-0.11653261996004605,high,other
39XiLaHZ8AOdYKbt0v3HqS,39XiLaHZ8AOdYKbt0v3HqS,Me And Bobby McGee,Jerry Lee Lewis,1971,1970,36.0,0.8420000000000001,0.7759999999999999,0.495,0.507,0.000105,0.0376,0.2677439276732311,0.12360274528033863,high,other
5yuYuUrB6x4cWMfcyfU1hG,5yuYuUrB6x4cWMfcyfU1hG,"Rock Is My Life, And This Is My Song",Bachman-Turner Overdrive,1974,1970,29.0,0.479,0.564,0.495,0.0234,0.00242,0.0428,0.40726884224746207,-0.017731304178545314,middle,other
5aGDWU01dEHJbaj8k1VF6U,5aGDWU01dEHJbaj8k1VF6U,Weekend Song,Billy Joel,1974,1970,26.0,0.775,0.915,0.609,0.263,7.51e-06,0.0425,0.4635778655897197,0.11680273696529016,high,other
1fdQg2yrTYCMOviVCw1Xdh,1fdQg2yrTYCMOviVCw1Xdh,I Believe (When I Fall In Love It Will Be Forever),Art Garfunkel,1975,1970,35.0,0.486,0.22,0.453,0.13699999999999998,0.0,0.0346,0.2478159204207246,-0.08037314718159481,middle,other
2ltJr7zvk7LhNLtkOCtf2i,2ltJr7zvk7LhNLtkOCtf2i,Sage & Spirit - 2013 Remaster,Grateful Dead,1975,1970,26.0,0.234,0.359,0.354,0.917,0.91,0.035,-0.7784954350925498,-0.4719409944788412,low,other
0HiT4oRA2ZAmbNIWDHvnX3,0HiT4oRA2ZAmbNIWDHvnX3,Southern Sunset,Brick,1976,1970,32.0,0.7390000000000001,0.8490000000000001,0.58,0.0358,0.168,0.0296,0.537506509515651,-0.11938267770193514,high,other
5qdsapFwiOWNGh5pFF6ieB,5qdsapFwiOWNGh5pFF6ieB,Brazil - 2006 Remastered Version,Wire,1977,1970,34.0,0.877,0.964,0.693,0.157,0.000949,0.0359,0.6152072157938678,0.0840878025095814,high,other
7pszxp65rS7xd8ZflKaZRh,7pszxp65rS7xd8ZflKaZRh,Some Other Time,The Alan Parsons Project,1977,1970,36.0,0.61,0.358,0.428,0.192,2.7600000000000014e-05,0.0356,0.2930718781602129,-0.05956239792116032,middle,other
47ULAV7jxxH7xf4qFrIe11,47ULAV7jxxH7xf4qFrIe11,The Man With the Horn,Miles Davis,1981,1980,33.0,0.435,0.391,0.5529999999999999,0.302,0.000292,0.0312,0.148362571338638,0.058947966870852006,middle,other
0umX28ds4c5vLGiNsH2DsA,0umX28ds4c5vLGiNsH2DsA,I Need More Of You,The Bellamy Brothers,1984,1980,44.0,0.732,0.872,0.643,0.0328,3.69e-06,0.0295,0.611035978657797,0.03956815107071925,high,other
62sbWGdOJVeDqqzLWs96sP,62sbWGdOJVeDqqzLWs96sP,Song For America,Kansas,1984,1980,30.0,0.715,0.529,0.35700000000000004,0.00233,0.0101,0.0436,0.5099587403410295,-0.1300266859231887,middle,other
0bdHOcuk49FewTRd0JkpdB,0bdHOcuk49FewTRd0JkpdB,No problem,"Chet Baker, Duke Jordan",1985,1980,40.0,0.222,0.438,0.532,0.826,0.0371,0.0363,-0.35713018501168586,0.27703993543198346,low,other
4m4Z6Rkz0XJcIrxz9vtMBQ,4m4Z6Rkz0XJcIrxz9vtMBQ,Starpower,Sonic Youth,1986,1980,33.0,0.841,0.415,0.31,0.008020000000000001,0.7,0.0452,0.28653406314915936,-0.7671711442573286,high,other
36WnSVxMlPA5pB9NcQi0py,36WnSVxMlPA5pB9NcQi0py,Walk Like a Man,Bruce Springsteen,1987,1980,39.0,0.397,0.429,0.688,0.0532,1.13e-05,0.0253,0.3436935308577732,0.01938491735452364,middle,other
7CTcWcNpBnTungYuQgCg2w,7CTcWcNpBnTungYuQgCg2w,Suite Sister Mary - Remastered 2003,Queensrÿche,1988,1980,34.0,0.955,0.052000000000000005,0.298,0.135,0.00187,0.0839,0.4236581136877885,-0.27219680317957895,high,energetic_somber
6HdieikOXlB5C75iebDKqp,6HdieikOXlB5C75iebDKqp,Crystal Ann,Annihilator,1989,1980,40.0,0.7,0.846,0.564,0.696,0.906,0.0365,-0.24927507569935792,-0.4841036571948123,middle,other
3bFxumQRhWqt1BiXLeVrKa,3bFxumQRhWqt1BiXLeVrKa,Prisoner,Mariah Carey,1990,1990,37.0,0.855,0.792,0.524,0.0603,2.93e-06,0.0539,0.6179143048106264,-0.02602427201760479,high,other
1Vr6yWwrJz8euAwenCikbJ,1Vr6yWwrJz8euAwenCikbJ,Trompe le Monde,Pixies,1991,1990,39.0,0.7959999999999999,0.496,0.211,0.000305,0.00274,0.0431,0.5266611470110943,-0.18624243892270329,high,other
32jYppBJlMiUDUAwd0yHnr,32jYppBJlMiUDUAwd0yHnr,Set the Night to Music - Duet with Maxi Priest,Roberta Flack with Maxi Priest,1991,1990,37.0,0.37,0.622,0.6779999999999999,0.38,3.5e-05,0.0301,0.123805816578551,0.19322989891487444,middle,other
7DX6hoz8ddubyk1cxcapOR,7DX6hoz8ddubyk1cxcapOR,Ghetto Red Hot,Super Cat,1992,1990,41.0,0.742,0.895,0.8759999999999999,0.264,0.0,0.329,0.48494875737232873,0.21641812719388048,high,other
0beEOHhUTXBQyQbwD0BO9B,0beEOHhUTXBQyQbwD0BO9B,"Quintettino Op.30 No.6, G.324: 4. Passacalle","Luigi Boccherini, Berliner Philharmoniker, Herbert von Karajan",1996,1990,42.0,0.0542,0.266,0.381,0.974,0.8109999999999999,0.0493,-0.8895195919626201,-0.34306702456835997,low,other
5F7WnD1XLfvyqglClI5fL7,5F7WnD1XLfvyqglClI5fL7,Cupids Trick,Elliott Smith,1997,1990,38.0,0.4920000000000001,0.131,0.239,0.0866,0.0122,0.034,0.23551893580131347,-0.18167639310924263,middle,other
7q23OMsgK72FQiK1SYY3Pl,7q23OMsgK72FQiK1SYY3Pl,One Angry Dwarf and 200 Solemn Faces,Ben Folds Five,1997,1990,41.0,0.888,0.5820000000000001,0.393,0.257,8.8e-05,0.0371,0.4233845013165923,-0.052205613114774056,high,other
4E8Sdt5Q9QOMpOQmEvzOQr,4E8Sdt5Q9QOMpOQmEvzOQr,Bombudd II,DJ Quik,1998,1990,39.0,0.6890000000000001,0.925,0.764,0.453,2.32e-05,0.0738,0.3026685557592214,0.2471281048717406,middle,other
3cHxOOnaC6UjyMf8P4mpme,3cHxOOnaC6UjyMf8P4mpme,Knocking Pictures Off Da Wall (featuring Lil Flex) (feat. C-Nile & Solo-D),"Yungstar, C-Nile, Solo D",2000,2000,37.0,0.483,0.39,0.775,0.139,0.0,0.307,0.3306119192069581,0.07397841534218709,middle,other
02jbnbNAmz6MdZR2Ud6s4y,02jbnbNAmz6MdZR2Ud6s4y,Hubba Hubba,South Park Mexican,2001,2000,40.0,0.8109999999999999,0.64,0.901,0.0529,0.0,0.175,0.6248990872151425,0.040743819259185785,high,other
4I4uCtlWg6I7OyuGZE4wqn,4I4uCtlWg6I7OyuGZE4wqn,Maybe Memories,The Used,2002,2000,43.0,0.93,0.383,0.481,0.0134,0.0,0.0572,0.5982334107280446,-0.181051032719712,high,other
7E5GuDVoXQSYHnYPQcbLll,7E5GuDVoXQSYHnYPQcbLll,Good To Know That If I Ever Need Attention,Brand New,2003,2000,42.0,0.943,0.141,0.35600000000000004,0.0193,0.0,0.0771,0.5321685012576567,-0.2728694493450384,high,energetic_somber
7pWcjb71SqY2256QasmAhJ,7pWcjb71SqY2256QasmAhJ,Nolia Clap,"Juvenile, Wacko, & Skip",2004,2000,41.0,0.942,0.961,0.838,0.0718,0.0,0.395,0.7378290184154073,0.11628703480121391,high,other
5legy0bvOLwAo0eBjXmee6,5legy0bvOLwAo0eBjXmee6,The More I Seek You,"Klaus, Kari Jobe",2005,2000,47.0,0.0777,0.339,0.353,0.82,0.0,0.0369,-0.45616445212422974,0.27451033014116005,low,other
0K3Xm2MeSXKbvydIJfTpuN,0K3Xm2MeSXKbvydIJfTpuN,Like Eating Glass,Bloc Party,2005,2000,44.0,0.982,0.224,0.399,0.0003,0.000204,0.16,0.5905721200419097,-0.2467268646220132,high,energetic_somber
4KlnHq8kW2k1RisegiOg0I,4KlnHq8kW2k1RisegiOg0I,Romie,Beenie Man,2005,2000,50.0,0.613,0.716,0.727,0.000256,0.0,0.314,0.5609598630349762,0.07068539402127948,middle,other
68474q3pSlRu6HimRHPlRf,68474q3pSlRu6HimRHPlRf,Smoke Marijuana,Sizzla,2006,2000,52.0,0.74,0.613,0.652,0.21,0.0,0.214,0.4318333442647842,0.05663463005909786,high,other
0ETuqKUidXiI2Xb6NpJVFb,0ETuqKUidXiI2Xb6NpJVFb,Pa' Que Son Pasiones,Los Player's,2007,2000,45.0,0.7929999999999999,0.922,0.601,0.179,3e-05,0.084,0.5367198288151196,0.0878344164375982,high,other
6W2tmkeuHKaedHhdTPnyVs,6W2tmkeuHKaedHhdTPnyVs,說好的幸福呢,Jay Chou,2008,2000,57.0,0.473,0.24,0.5429999999999999,0.345,0.0,0.0282,0.10166453699744289,0.02168700110147182,middle,other
1V2M3iax06Tw9gWcDZ8Zbs,1V2M3iax06Tw9gWcDZ8Zbs,You're The Reason (feat. Victoria Justice),"Victorious Cast, Victoria Justice",2011,2010,51.0,0.934,0.5379999999999999,0.593,0.0509,0.0,0.182,0.6225217391748704,-0.08567147901135637,high,other
0ni8h8HAJNFwuL9cMWR9XN,0ni8h8HAJNFwuL9cMWR9XN,The Regulator,Clutch,2011,2010,48.0,0.706,0.211,0.5660000000000001,0.115,2.4e-05,0.0376,0.38681003460577223,-0.1195283289739576,middle,other
4WlaOWCgugyGDxD3gyeWtY,4WlaOWCgugyGDxD3gyeWtY,Beach Dr.,Oddisee,2011,2010,50.0,0.562,0.516,0.482,0.0649,0.853,0.0737,0.09648193717353772,-0.7342958496951755,middle,other
37Zk6qRzpQEl0xWon4rXPy,37Zk6qRzpQEl0xWon4rXPy,Come over (feat. James Fauntleroy),"Nipsey Hussle, James Fauntleroy",2013,2010,50.0,0.445,0.17,0.6759999999999999,0.353,0.0,0.0805,0.08672676915446885,0.04892234682453673,middle,other
2lNRPajwEfma5EEmsgAe1w,2lNRPajwEfma5EEmsgAe1w,"What Is This Feeling? - From ""Wicked"" Original Broadway Cast Recording/2003","Kristin Chenoweth, Idina Menzel",2013,2010,51.0,0.422,0.516,0.63,0.7290000000000001,0.0,0.0953,-0.14090326644239898,0.27399775446127395,middle,other
3mxMrdo3fJjDbb64nagoXR,3mxMrdo3fJjDbb64nagoXR,Gone,JR JR,2015,2010,53.0,0.892,0.418,0.62,0.054000000000000006,0.000687,0.0531,0.5754921333627961,-0.11783522697839016,high,other
1BfR5GMOgW0peHkPxrwf11,1BfR5GMOgW0peHkPxrwf11,Safari Song,Greta Van Fleet,2017,2010,64.0,0.928,0.6779999999999999,0.362,0.16399999999999998,1.6100000000000002e-05,0.0503,0.5291455353903931,-0.07446342069226236,high,other
62oCnK99vT8HOgwPsvXuiM,62oCnK99vT8HOgwPsvXuiM,Chateau,Angus & Julia Stone,2017,2010,59.0,0.585,0.606,0.662,0.6579999999999999,0.8809999999999999,0.0367,-0.3049823444459692,-0.4917189347148615,middle,other
3YM0vEH7taFj7OLW3dWfiu,3YM0vEH7taFj7OLW3dWfiu,Love Triangle,RaeLynn,2017,2010,57.0,0.525,0.322,0.6859999999999999,0.135,0.0,0.0331,0.3226346312638254,-0.011445543462346618,middle,other
7J8Qck2QHGRGAdUdVMhZHO,7J8Qck2QHGRGAdUdVMhZHO,Ziploc (feat. Kevin Gates),"2 Chainz, Kevin Gates",2020,2020,60.0,0.629,0.8190000000000001,0.888,0.226,0.0,0.373,0.4443318798300354,0.21861488510391971,middle,other
04uSBWG9FoU70bhr4U3uO1,04uSBWG9FoU70bhr4U3uO1,"Mazurkas, Op. 67: No. 2 in G Minor (Cantabile)","Frédéric Chopin, William Kapell",1926,1920,0.0,0.045,0.224,0.434,0.996,0.8140000000000001,0.0409,-0.9132367136662427,-0.336044063916343,low,other
0DKNC3mXi1wUrkqtZ8Y9JM,0DKNC3mXi1wUrkqtZ8Y9JM,"Nocturnes, Op. 62: No. 1 in B Major","Frédéric Chopin, Arthur Rubinstein",1926,1920,0.0,0.0119,0.135,0.35,0.992,0.912,0.0425,-0.9926175770399971,-0.4523860482067888,low,other
28DZZECp7EF2DzFh6bgSnL,28DZZECp7EF2DzFh6bgSnL,"24 préludes, Op. 28: No. 13 in F-Sharp Major (Lento)","Frédéric Chopin, Alfred Cortot",1926,1920,0.0,0.0113,0.16,0.3,0.996,0.917,0.0395,-0.9995519892446015,-0.4596840448322759,low,other
7l9XoSr3cJwACpyKvqI4qY,7l9XoSr3cJwACpyKvqI4qY,"Kinderszenen, Op. 15: XIII. Der Dichter spricht","Robert Schumann, Vladimir Horowitz",1928,1920,0.0,0.00267,0.235,0.343,0.995,0.924,0.0818,-0.9830453190907834,-0.42833391605769794,low,other
4n2xYjzrpvcvaG6ERIqVtG,4n2xYjzrpvcvaG6ERIqVtG,Serenata Morisca,"Ruperto Chapí, Guillermo Gomez, Vicente Gomez",1930,1930,0.0,0.113,0.483,0.468,0.972,0.924,0.0444,-0.8423788794881546,-0.37375786480260836,low,other
3H5xQFz1QyGvoeuLBnHE0m,3H5xQFz1QyGvoeuLBnHE0m,Carmelita,Gerald Clark and His Night Owl,1940,1940,0.0,0.499,0.915,0.516,0.989,0.828,0.0428,-0.5325143387779396,-0.25697009035657226,middle,other
5cI1C4xzp4P300ACkwAZYj,5cI1C4xzp4P300ACkwAZYj,This Christmas,Monique Nikkole,1946,1940,0.0,0.674,0.46,0.675,0.273,0.0,0.0321,0.3197197794810541,0.03568037896550151,middle,other
4A3DvEuJ2KRujgqFzkT9mn,4A3DvEuJ2KRujgqFzkT9mn,"Fireworks, Op. 4","Igor Stravinsky, New York Philharmonic",1948,1940,0.0,0.388,0.0769,0.363,0.857,0.255,0.0652,-0.47688985484320956,-0.06356363998301125,middle,other
4Lk5Z0jzCobR6IY9vFhfrq,4Lk5Z0jzCobR6IY9vFhfrq,Din Pe Din Beet Jaye,Suraiya,1948,1940,0.0,0.344,0.598,0.501,0.995,0.912,0.07400000000000001,-0.7121244936776059,-0.370548309237099,middle,other
2DuE4BWGwiRDVJNzKDv3gj,2DuE4BWGwiRDVJNzKDv3gj,Califórnia em Festa,Bob Nelson,1949,1940,0.0,0.188,0.8320000000000001,0.753,0.995,0.00691,0.0502,-0.37598619952855367,0.5281199287456629,low,calm_positive
1cyD1JrhihGeS2FX1h1dAz,1cyD1JrhihGeS2FX1h1dAz,"Piano Concerto No. 2 in B-Flat Major, Op. 19: I. Allegro con brio","Ludwig van Beethoven, Paul Badura-Skoda, Vienna State Opera Orchestra, Hermann Scherchen",1951,1950,0.0,0.194,0.268,0.393,0.984,0.863,0.0393,-0.845105296785903,-0.41488343109176096,low,other
1RYcsc2fixbmx055RbjHow,1RYcsc2fixbmx055RbjHow,Kabhi Khushion Ke Naghme,Rajkumari,1952,1950,0.0,0.129,0.355,0.487,0.991,3.64e-06,0.118,-0.5358904822216063,0.3674902289427544,low,other
1hFN81yXCejbkvqIVl4YBb,1hFN81yXCejbkvqIVl4YBb,"Orfeo ed Euridice, Wq. 30: Act II: Scene 2 - Dance of the Blessed Spirits: Che puro ciel! Che chiaro sol! - 1992 Remastered","Christoph Willibald Gluck, Arturo Toscanini",1952,1950,0.0,0.122,0.0652,0.199,0.97,0.000215,0.0427,-0.6262731419704979,0.20931035272389564,low,other
1nA2jiVzcc9igrsSNIilAh,1nA2jiVzcc9igrsSNIilAh,Na Paisa Ladaya Na Taqat Ladai,"Balbir, Sheikh",1952,1950,0.0,0.304,0.711,0.555,0.988,0.000133,0.407,-0.3578782007158693,0.4717918749327394,middle,other
10qPB6bJIDitbqjcgjHCxE,10qPB6bJIDitbqjcgjHCxE,"Concerto in the Italian Style in F Major, BWV 971, ""Italian Concerto"": II. Andante","Johann Sebastian Bach, Glenn Gould",1955,1950,6.0,0.146,0.244,0.499,0.99,0.852,0.0392,-0.8594591087839789,-0.37472372560353295,low,other
2NQXACYhifPY6CTNhvjg9I,2NQXACYhifPY6CTNhvjg9I,How About You - live,Cal Tjader,1955,1950,3.0,0.35,0.561,0.726,0.897,0.0363,0.0437,-0.29395742850424544,0.3488026453611024,middle,other
6gUDHvWDKkGRLIzULue1Y5,6gUDHvWDKkGRLIzULue1Y5,"Bach, JS: Keyboard Partita No. 1 in B-Flat Major, BWV 825: I. Praeludium (Live, Besançon, 16.IX.1950)","Johann Sebastian Bach, Dinu Lipatti",1957,1950,12.0,0.679,0.861,0.382,0.987,0.93,0.0478,-0.5094078168800455,-0.4298225229701642,middle,other
5d9xFamkb71Pld6vSTDJrq,5d9xFamkb71Pld6vSTDJrq,"Piano Sonata No. 1 in C Major, K. 279: III. Allegro","Wolfgang Amadeus Mozart, Glenn Gould",1958,1950,16.0,0.27,0.892,0.344,0.974,0.888,0.0389,-0.6849450604334452,-0.30002689883200984,middle,other
7crNlwzfHT9O0xOyr5Mcxf,7crNlwzfHT9O0xOyr5Mcxf,Alma Adentro,"Sylvia Rexach, Tuti Umpierre",1958,1950,8.0,0.07,0.318,0.527,0.969,0.0,0.0447,-0.5519042762684947,0.3636669592955714,low,other
2ytAOWcseCBbbRmmye8vby,2ytAOWcseCBbbRmmye8vby,Isn't It A Pity,Ella Fitzgerald,1959,1950,14.0,0.134,0.179,0.317,0.905,2.81e-05,0.0364,-0.531043639844387,0.23954467595142373,low,other
2kVPHHnSzsX3yB2dKzCUIY,2kVPHHnSzsX3yB2dKzCUIY,Bridge of Tears,The Flamingos,1960,1960,9.0,0.293,0.387,0.561,0.8440000000000001,0.0,0.0299,-0.3289544322408549,0.288231926040092,middle,other
6WXRW8TTDsmalBQ8gZP76V,6WXRW8TTDsmalBQ8gZP76V,It Was You,James Brown,1962,1960,13.0,0.636,0.393,0.477,0.805,0.0,0.0348,-0.14097963478495457,0.17303151762162164,middle,other
0JFb6HcWg9acDr0cH7cAxS,0JFb6HcWg9acDr0cH7cAxS,Walkin' the Board,The Lively Ones,1963,1960,19.0,0.904,0.843,0.389,0.0007639999999999999,0.809,0.0419,0.38440337189475293,-0.7420095421088658,high,other
2qOCV8WiTnJXMe7meg1k7Q,2qOCV8WiTnJXMe7meg1k7Q,The Old Country Church,Jim and Jesse and the Virginia Boys,1964,1960,14.0,0.226,0.757,0.547,0.7979999999999999,0.0,0.0271,-0.2516329963039008,0.3849571452990475,low,calm_positive
5P7t8rwUXR0DvLyDgQ15kC,5P7t8rwUXR0DvLyDgQ15kC,My Heart Belongs To Only You,Bobby Vinton,1964,1960,17.0,0.3,0.399,0.247,0.807,0.0,0.0342,-0.33911556260404313,0.20715737269061343,middle,other
0zFSL9XPjK1Yp3K2N7CPHt,0zFSL9XPjK1Yp3K2N7CPHt,月下佳人,于璇,1964,1960,25.0,0.131,0.472,0.412,0.974,0.237,0.0425,-0.5955342487654489,0.1713520466376946,low,other
3r91XocTNeNZhPzNKWFHyE,3r91XocTNeNZhPzNKWFHyE,Salute To The Nurses,Sgt. Barry Sadler,1966,1960,17.0,0.299,0.481,0.42,0.845,0.000769,0.0347,-0.32696376205224065,0.28110402467354223,middle,other
07nRSN7q8IVMTImgYUxnKy,07nRSN7q8IVMTImgYUxnKy,String Man,The Mamas & The Papas,1967,1960,24.0,0.687,0.56,0.466,0.746,0.0,0.0316,-0.037964458807518885,0.18165971628113983,middle,other
6YrHwFHn7fkpC4ZlcwC42w,6YrHwFHn7fkpC4ZlcwC42w,"Gambler's Blues - Live At The International Club, Chicago/1966",B.B. King,1967,1960,26.0,0.517,0.588,0.358,0.5489999999999999,1.59e-05,0.0557,0.01758301307338449,0.14002786995958677,middle,other
1tnFYDTWKcfAcse5DCJJ48,1tnFYDTWKcfAcse5DCJJ48,La Vida En Rosa,Chucho Avellanet,1967,1960,27.0,0.259,0.5429999999999999,0.448,0.5479999999999999,2.41e-06,0.0325,-0.10608409281247531,0.20837065410830308,middle,other
2NFAQmxnXxBRKsAJ1wR6Rj,2NFAQmxnXxBRKsAJ1wR6Rj,I'm Gonna Leave You,Nina Simone,1967,1960,29.0,0.607,0.9,0.515,0.852,0.0,0.043,-0.07859741286892097,0.34359163567674156,middle,other
4S5ySmz5iFhqE95a9TKbvv,4S5ySmz5iFhqE95a9TKbvv,Mr. Blue,Michael Franks,1976,1970,32.0,0.223,0.201,0.5579999999999999,0.87,0.0627,0.03,-0.4453123794574164,0.21234756885556555,low,other
57DpDuvpZzuhTsRGowy86A,57DpDuvpZzuhTsRGowy86A,"Symphony No.4 In E Minor, Op.98: 1. Allegro non troppo","Johannes Brahms, Wiener Philharmoniker, Carlos Kleiber",1981,1980,30.0,0.107,0.0728,0.163,0.975,0.918,0.0391,-0.9744958423123393,-0.5458138595440828,low,other
1IRpZyRNROsmCLbrctnOLs,1IRpZyRNROsmCLbrctnOLs,Sleep,This Heat,1981,1980,29.0,0.424,0.436,0.6920000000000001,0.865,0.00367,0.142,-0.25082788039117154,0.31722721457641395,middle,other
6c6PblxgdrYEULpt65p8tO,6c6PblxgdrYEULpt65p8tO,Can't Happen Here,Rainbow,1981,1980,36.0,0.89,0.6659999999999999,0.483,0.0517,0.000421,0.048,0.6091463616806613,-0.08205815571887895,high,other
0mqOrDj9tgRRv3Kb3FRHnI,0mqOrDj9tgRRv3Kb3FRHnI,Swan Swan H,R.E.M.,1986,1980,28.0,0.349,0.732,0.28300000000000003,0.259,1.69e-06,0.0323,0.17223606862522886,0.09732098028753774,middle,other
0DKvzig7rwfWTZ0gvb0Zfx,0DKvzig7rwfWTZ0gvb0Zfx,Hell's Bells,Bill Bruford,1986,1980,31.0,0.507,0.8340000000000001,0.4,0.653,0.8420000000000001,0.0367,-0.31432646357821814,-0.43887151277171965,middle,other
3xkYT152CbjaDGvLwWxiNn,3xkYT152CbjaDGvLwWxiNn,Telling Me Lies (with Dolly Parton & Emmy Lou Harris) - 2015 Remaster,"Dolly Parton, Linda Ronstadt, Emmylou Harris",1987,1980,32.0,0.13699999999999998,0.0992,0.513,0.6579999999999999,5.460000000000001e-05,0.0291,-0.33319494181657255,0.17178460262663728,low,other
2YWaALZKQOZadouDuxaYHq,2YWaALZKQOZadouDuxaYHq,Someone Who Believes in You,Russell Hitchcock,1988,1980,42.0,0.384,0.271,0.544,0.442,0.0,0.0246,-0.008577126663182949,0.08644904229650444,middle,other
7pMyq97F6UAqKnc2P9e425,7pMyq97F6UAqKnc2P9e425,32 Pennies,Warrant,1989,1980,31.0,0.8,0.7759999999999999,0.447,0.0103,0.0002220000000000001,0.0476,0.6140577034028544,-0.05273443524386592,high,other
0fiC7mNdgRsBUAnOo9sIbe,0fiC7mNdgRsBUAnOo9sIbe,Born Of Fire,Slayer,1990,1990,31.0,0.993,0.262,0.307,3.15e-05,0.000382,0.129,0.5906575884196585,-0.2639129860657269,high,energetic_somber
2jkZYhTXDk83BOaRTR8QxH,2jkZYhTXDk83BOaRTR8QxH,Moussolou,Oumou Sangaré,1991,1990,43.0,0.335,0.94,0.5660000000000001,0.26,0.0,0.0513,0.24833208851332242,0.2228773814966934,middle,other
6KipZAjvYE3SmI4HLZcYWD,6KipZAjvYE3SmI4HLZcYWD,Sweet Leilani,"Baduria, Don",1995,1990,38.0,0.135,0.31,0.557,0.97,0.916,0.0343,-0.8511790948731688,-0.4015989980349958,low,other
3CV7o0XDHvzOLJb8mw5RHY,3CV7o0XDHvzOLJb8mw5RHY,Can It Be All So Simple (Remix) (feat. Ghostface Killah),"Raekwon, Ghostface Killah",1995,1990,38.0,0.563,0.431,0.745,0.152,5.4299999999999985e-05,0.379,0.36594829969232495,0.07249612115366008,middle,other
4ByRNAPHBOOgYaS4vcNbUb,4ByRNAPHBOOgYaS4vcNbUb,Tu Como Estas,Domingo Quiñones,1996,1990,37.0,0.527,0.8009999999999999,0.722,0.353,0.0,0.0374,0.26543811979191095,0.20394199193680296,middle,other
5C4sfjPfsnAEYHgxnxQTjf,5C4sfjPfsnAEYHgxnxQTjf,This Magic Moment,Lou Reed,1997,1990,46.0,0.623,0.25,0.474,0.0294,0.402,0.0285,0.2593235796954179,-0.4709904950864673,middle,other
60ZYLVPmSNY9r0Uquaivvs,60ZYLVPmSNY9r0Uquaivvs,Indiana Jones Theme,"John Williams, Philharmonic Symphony Orchestra, Richard Hayman",2000,2000,45.0,0.264,0.18600000000000005,0.287,0.897,0.871,0.0404,-0.7801489928229595,-0.5154540647909236,middle,other
7iTpGVso8hAz7q8fR9tfjG,7iTpGVso8hAz7q8fR9tfjG,Isolate,...Bender,2000,2000,42.0,0.894,0.336,0.542,0.000155,0.00104,0.0537,0.5886883645647321,-0.17730200721771117,high,other
6yZsZQTYIb8NICsl5Dyesx,6yZsZQTYIb8NICsl5Dyesx,The Rainbow Connection - Outtake,Carpenters,2001,2000,46.0,0.196,0.0985,0.472,0.882,1.55e-06,0.0311,-0.47844538834234085,0.22809923868110774,low,other
7dhyG5sdLYlvR7uwDKa1fH,7dhyG5sdLYlvR7uwDKa1fH,Up And Go,The Starting Line,2002,2000,40.0,0.826,0.47,0.429,0.000282,0.0,0.0385,0.5674918446710157,-0.15048519023699777,high,other
3OMCZSG5TbqJBKKRmtJciA,3OMCZSG5TbqJBKKRmtJciA,The Sound Of Muzak,Porcupine Tree,2002,2000,50.0,0.934,0.473,0.244,0.0499,0.0189,0.059,0.5515867237915987,-0.2127693667765984,high,other
1C8QGWHQeHOCte0bB1dCHk,1C8QGWHQeHOCte0bB1dCHk,Amen,Kid Rock,2007,2000,43.0,0.794,0.294,0.701,0.036000000000000004,0.0,0.0338,0.5259293268660501,-0.11743798895893617,high,energetic_somber
6RfDLynqmspMOKA57mXyQI,6RfDLynqmspMOKA57mXyQI,Speak,Godsmack,2007,2000,44.0,0.9,0.521,0.401,2.32e-06,0.000925,0.0415,0.6106871787907098,-0.16170523131569892,high,other
6HtkiAnyiHAgAzUZ5U31rC,6HtkiAnyiHAgAzUZ5U31rC,Así Fue,Playa Limbo,2008,2000,42.0,0.77,0.29,0.623,0.259,0.000849,0.0352,0.33429674547489324,-0.05090550588005304,high,energetic_somber
5QUMpl8wzwAe38sytydjpR,5QUMpl8wzwAe38sytydjpR,Grace,David Tolk,2008,2000,46.0,0.141,0.228,0.317,0.99,0.883,0.0372,-0.902115914377893,-0.4440857716617573,low,other
23X0TilTVKSZ2qcMaoOE1C,23X0TilTVKSZ2qcMaoOE1C,Sanctuary (Opening) - Bonus Track,Utada,2009,2000,46.0,0.754,0.208,0.435,0.00971,0.000421,0.0497,0.47073651118982174,-0.19772161090112067,high,energetic_somber
7zZkPiqHnL7icGGb4Almf6,7zZkPiqHnL7icGGb4Almf6,Reunion,M83,2011,2010,45.0,0.8240000000000001,0.275,0.428,5.85e-05,0.000253,0.0459,0.5255928275204381,-0.2022729404773072,high,energetic_somber
2O1vTF3y8Jq1XSrgSto6YL,2O1vTF3y8Jq1XSrgSto6YL,New York Times (feat. 50 Cent & Bas),"J. Cole, 50 Cent, Bas",2013,2010,51.0,0.655,0.31,0.365,0.29100000000000004,0.00037,0.31,0.22666153947707812,-0.027198336269370203,middle,other
6vQRvqIgkbAK63NW0cwzgJ,6vQRvqIgkbAK63NW0cwzgJ,My Fiery Sky,Zzone'm Mariiva,2013,2010,0.0,0.738,0.545,0.687,0.0967,0.904,0.0271,0.17479365312259773,-0.7609043702216102,high,other
7sxiG6BuAb28nh3qGmbz7L,7sxiG6BuAb28nh3qGmbz7L,Machine,Born Of Osiris,2013,2010,51.0,0.991,0.0519,0.443,0.00398,0.000579,0.281,0.5642774879919277,-0.2690456010420685,high,energetic_somber
1mEO3xiJqEWXYIdZalDzHR,1mEO3xiJqEWXYIdZalDzHR,"Collide - From ""Queen & Slim: The Soundtrack""","Tiana Major9, EARTHGANG",2019,2010,63.0,0.6659999999999999,0.423,0.55,0.308,0.00763,0.0656,0.2619693438543984,0.010358903612721983,middle,other
5ZULALImTm80tzUbYQYM9d,5ZULALImTm80tzUbYQYM9d,Dance Monkey,Tones And I,2019,2010,81.0,0.588,0.513,0.8240000000000001,0.6920000000000001,0.000104,0.0924,-0.004757019610188606,0.2616819978487983,middle,other
22ZcJxQkzIL6EU692kAFWY,22ZcJxQkzIL6EU692kAFWY,cowboy in LA,LANY,2020,2020,71.0,0.393,0.728,0.624,0.407,0.0,0.0333,0.12960734488800227,0.2142522454646148,middle,other
5Qykbcwi9KvGlwCXzCO2uF,5Qykbcwi9KvGlwCXzCO2uF,Weal yedei,Z.Kwartin,1930,1930,0.0,0.19,0.0741,0.213,0.983,0.0008449999999999999,0.0363,-0.5990425686921828,0.2013115309315411,low,other
5gaTp7psoWMxTYF0iu75Mk,5gaTp7psoWMxTYF0iu75Mk,Bayadere,Madam Anjel,1930,1930,0.0,0.28600000000000003,0.773,0.395,0.994,0.452,0.0392,-0.5514970990127535,0.040655845552457284,middle,other
1bkj4XJ8rj2ILU3YsbxMLu,1bkj4XJ8rj2ILU3YsbxMLu,"Partita I, BWV 1002: 5. Sarabande","Johann Sebastian Bach, Miguel Llobet Solés, María Luisa Anido",1935,1930,0.0,0.023,0.249,0.434,0.995,0.954,0.0452,-0.9688778722002336,-0.4386890172217073,low,other
6vd02gRETlwqYgQJojPRp7,6vd02gRETlwqYgQJojPRp7,Swapan Dekhichhe Radharani,K.C.Dey,1942,1940,0.0,0.201,0.425,0.501,0.964,0.000194,0.0474,-0.4647518395334995,0.3528154756014578,low,other
6z93xX4rcYNHqW4wRbW7Rv,6z93xX4rcYNHqW4wRbW7Rv,Main Kho Jaoon Kahan,"Shriniwas, Rani",1942,1940,0.0,0.253,0.617,0.504,0.995,0.6990000000000001,0.0485,-0.6756133612666881,-0.17049952598359627,middle,other
4Xcj72R7rMnW9pwGVWtnli,4Xcj72R7rMnW9pwGVWtnli,Ya Estamos Iguales - Remasterizado,"Francisco Canaro, Carlos Roldán",1945,1940,0.0,0.36,0.67,0.542,0.914,0.087,0.127,-0.32164677082766074,0.30998677807783204,middle,other
63tHdJXiDBwDIR3SbwrE2A,63tHdJXiDBwDIR3SbwrE2A,"Messiah, HWV 56, Pt. 1: And the angel said unto them, Fear not - Recitative","George Frideric Handel, The Liverpool Philharmonic Orchestra, Sir Malcolm Sargent",1946,1940,0.0,0.0398,0.342,0.298,0.981,0.000291,0.0673,-0.6025926984100723,0.3335804444511516,low,other
71H5FYIRGJhFmj18bjZ79Q,71H5FYIRGJhFmj18bjZ79Q,From Monday On,Joe Mooney,1947,1940,0.0,0.233,0.738,0.777,0.914,0.00515,0.235,-0.30531106148680476,0.4933460394553964,low,calm_positive
7K5JxtafW6CPwLBcMN85OF,7K5JxtafW6CPwLBcMN85OF,Le Roi malgré lui: Fête polonaise,"Emmanuel Chabrier, Pierre Monteux",1947,1940,0.0,0.425,0.25,0.328,0.862,0.648,0.0454,-0.574126009783452,-0.3574261235198092,middle,other
7nkG1whPhiSPyZxm709ltF,7nkG1whPhiSPyZxm709ltF,"Violin Concerto in D Major, Op. 35: I. Allegro moderato","Pyotr Ilyich Tchaikovsky, Isaac Stern, Alexander Hilsberg, Philadelphia Orchestra",1947,1940,0.0,0.151,0.125,0.251,0.925,0.27,0.0424,-0.6563221292407498,-0.00790005298105264,low,other
7wRdNvZJwSoZfFnOhRAtFH,7wRdNvZJwSoZfFnOhRAtFH,Jag Mein Chhaya Andhera,Naina,1947,1940,0.0,0.18600000000000005,0.425,0.39,0.99,0.157,0.0375,-0.5644371958084865,0.2109430914176089,low,other
1OBCIMvSbkJPpyPxBW5NRz,1OBCIMvSbkJPpyPxBW5NRz,Stolisma gamprou,Kiriakos Mapouras,1950,1950,1.0,0.493,0.856,0.511,0.7929999999999999,3.98e-06,0.0305,-0.10044539890622944,0.3363264653992727,middle,other
1IbQt3OWtT5VIqFdlojowE,1IbQt3OWtT5VIqFdlojowE,"Ponchielli: La Gioconda, Act 2: ""Pescator, affonda l'esca"" (Barnaba, Pilot, Chorus)","Amilcare Ponchielli, Paolo Silveri, Coro di Torino della RAI, Orchestra di Torino della RAI, Antonino Votto, Antonino Votto, Carlo Forti, Coro di Torino della RAI, Orchestra di Torino Della RAI, Paolo Silveri",1953,1950,0.0,0.138,0.35200000000000004,0.461,0.989,0.0,0.133,-0.5339565921882434,0.35988971818129345,low,other
0zntfOUSYyA6jAf04zEowS,0zntfOUSYyA6jAf04zEowS,All That Meat And No Potatoes,Louis Armstrong,1955,1950,2.0,0.276,0.539,0.622,0.638,0.0024,0.118,-0.14117403078166216,0.283034848494211,middle,other
4NuXIH3TvC2RehKx5SoxYT,4NuXIH3TvC2RehKx5SoxYT,Beams Of Heaven,Sister Rosetta Tharpe,1956,1950,6.0,0.5379999999999999,0.547,0.59,0.831,0.0,0.032,-0.16067862482935186,0.272995888226478,middle,other
0ewNjTNSJmSfuozc7p88HV,0ewNjTNSJmSfuozc7p88HV,Reflections - Rudy Van Gelder Edition/1999 Remaster/24 Bit Mastering,Sonny Rollins,1957,1950,10.0,0.418,0.337,0.445,0.7659999999999999,0.00361,0.0289,-0.23677668574790273,0.1870316506336381,middle,other
1ndx8soST2Gz73X32ZLe3L,1ndx8soST2Gz73X32ZLe3L,Favorite Theme From Tchaikovsky's First Piano Concerto,Ray Conniff,1958,1950,19.0,0.172,0.358,0.361,0.951,0.96,0.0305,-0.8521116568561408,-0.48485589274044516,low,other
2bNZXgTSxwAe2u0futqz8S,2bNZXgTSxwAe2u0futqz8S,The Porcupine's Hoe,Harold Courlander,1959,1950,9.0,0.157,0.612,0.716,0.568,0.0,0.947,-0.1029054283469851,0.4372750303740005,low,other
0zr7DJGTPUfAUmjM7crmt2,0zr7DJGTPUfAUmjM7crmt2,Hava Nagilah,Connie Francis,1960,1960,12.0,0.0,0.0,0.0,0.0,0.0,0.0,0.0009108674468576855,-0.17392355587877292,low,other
1VTU6YYmXJZmhc4jiN7FPt,1VTU6YYmXJZmhc4jiN7FPt,Start Even,Tex Williams,1960,1960,11.0,0.311,0.411,0.659,0.838,2.03e-05,0.111,-0.29533150239382333,0.32042232033305484,middle,other
4P4IVwJkgmSIwqnEGlqntc,4P4IVwJkgmSIwqnEGlqntc,"West Side Story: Act II: One Hand, One Heart","Leonard Bernstein, Johnny Green, Jim Bryant, Marni Nixon, West Side Story Orchestra",1961,1960,10.0,0.101,0.0595,0.224,0.936,0.0115,0.042,-0.612855401868251,0.19703579549644265,low,other
1alqBzxZgomIBrqASiY5MV,1alqBzxZgomIBrqASiY5MV,仲秋怨,紫薇,1963,1960,25.0,0.227,0.433,0.422,0.903,0.000262,0.0282,-0.4158208073772721,0.306648816931531,low,other
4AeiLoSgIv80l67HpfsFxe,4AeiLoSgIv80l67HpfsFxe,Send For Me - Remastered,Nat King Cole,1965,1960,22.0,0.383,0.672,0.599,0.55,0.0,0.0433,0.0020189214288671444,0.2483309193496102,middle,other
6wOijFeJpUS7749iqn6EiE,6wOijFeJpUS7749iqn6EiE,El Swing,El Gran Combo De Puerto Rico,1965,1960,23.0,0.726,0.921,0.6559999999999999,0.772,0.000354,0.071,0.0647992990370743,0.32602897704303785,high,other
2NAJP1wqoaxbSJLiv2X8tL,2NAJP1wqoaxbSJLiv2X8tL,Raga Bhimpalasi - Live,Ravi Shankar,1967,1960,24.0,0.41,0.275,0.36,0.904,0.0032700000000000003,0.0833,-0.3683746838370607,0.2098620239907876,middle,other
6eIvJeu7uw94ZiQ0JPcOAZ,6eIvJeu7uw94ZiQ0JPcOAZ,One More Rainy Day,Deep Purple,1968,1960,19.0,0.746,0.573,0.37,0.0182,4.94e-06,0.0608,0.5283501411553855,-0.10671907533583332,high,other
4DMLmnQWu3qKVHTe2y1Mou,4DMLmnQWu3qKVHTe2y1Mou,Arthur,The Kinks,1969,1960,23.0,0.955,0.872,0.547,0.00229,1.49e-05,0.045,0.7307160211126948,-0.04585949423170974,high,other
0pUkKV5sNagBfLv2Dcl64t,0pUkKV5sNagBfLv2Dcl64t,One of These Days - 2004 Remaster,Ten Years After,1971,1970,32.0,0.7859999999999999,0.7609999999999999,0.406,0.0321,0.529,0.0358,0.3894701018400624,-0.4907298783648342,high,other
0EJWpgvUpaQA1NLtPxMGBs,0EJWpgvUpaQA1NLtPxMGBs,"Afta Ta Heria - From ""Ena Astio Koritsi""","Manolis Mitsias, Voula Gika",1971,1970,35.0,0.517,0.612,0.5920000000000001,0.748,0.0,0.0526,-0.09428757903727333,0.2692579452277571,middle,other
7lxdBbecsK11zhkpC7KycJ,7lxdBbecsK11zhkpC7KycJ,Does Anybody Really Know What Time It Is,Grant Green,1971,1970,25.0,0.524,0.5329999999999999,0.7090000000000001,0.72,0.782,0.0377,-0.3544384294479973,-0.3822981095388947,middle,other
5mcqXCWSS15MxMHEmFQ0m6,5mcqXCWSS15MxMHEmFQ0m6,Got You on My Mind - 2008 Remaster,Bonnie Raitt,1974,1970,23.0,0.5660000000000001,0.787,0.662,0.757,0.000186,0.0273,-0.03082883122860063,0.3198406153476903,middle,other
4f7717COmPLIC7ZIhFNTVd,4f7717COmPLIC7ZIhFNTVd,איך זה שכוכב,Matti Caspi,1974,1970,39.0,0.467,0.742,0.57,0.439,0.00443,0.0389,0.13587228948553817,0.19620957263393332,middle,other
2yf6Hbs6YR3o1iEtOxr91R,2yf6Hbs6YR3o1iEtOxr91R,"Swan Lake, Op.20, Act III: 23. Mazurka","Pyotr Ilyich Tchaikovsky, André Previn, London Symphony Orchestra",1976,1970,31.0,0.316,0.479,0.282,0.8340000000000001,0.28,0.0439,-0.43140226234390067,0.013426275307055365,middle,other
5ByzOSn3xMsSRmTZnVvoNm,5ByzOSn3xMsSRmTZnVvoNm,Judy Is a Punk - 40th Anniversary Mono Mix,Ramones,1976,1970,28.0,0.98,0.303,0.17600000000000002,0.0792,0.0,0.0825,0.5142470627919324,-0.2562381576065359,high,other
4eoHJaCT1OQ5bTljcCLORN,4eoHJaCT1OQ5bTljcCLORN,Hide & Seek (Ready Or Not Here I Come),Chuck Mangione,1977,1970,27.0,0.684,0.868,0.624,0.0351,0.117,0.102,0.5409208776119059,-0.039825694929274846,middle,other
0NGoPS6d4G1l0aEluZ19TI,0NGoPS6d4G1l0aEluZ19TI,Sweet Caroline,Waylon Jennings,1977,1970,25.0,0.529,0.616,0.44,0.7120000000000001,0.0705,0.0274,-0.1078466243517616,0.15947923979672604,middle,other
2ZmYpqOpup0GhQ8CNXn4sW,2ZmYpqOpup0GhQ8CNXn4sW,Just Like Me,Pat Benatar,1981,1980,26.0,0.6940000000000001,0.659,0.575,0.0815,0.0189,0.05,0.4948711839249313,-0.01927788518883283,middle,other
57CeIB4zE8utvUAI4FcBNZ,57CeIB4zE8utvUAI4FcBNZ,This Place Hotel - Live from the 1981 U.S. Tour,The Jacksons,1981,1980,27.0,0.861,0.6809999999999999,0.637,0.141,7.13e-05,0.0621,0.5528137611154627,-0.0025542755592879124,high,other
76S4f0m9f9YwPJtPsaBibu,76S4f0m9f9YwPJtPsaBibu,Easy,Al Jarreau,1981,1980,30.0,0.599,0.787,0.674,0.235,9.19e-06,0.0362,0.3799871493726788,0.12939122265610156,middle,other
0fkRfICuvdTVIoyZUgnInR,0fkRfICuvdTVIoyZUgnInR,Poor Paddy,The Pogues,1984,1980,34.0,0.518,0.16399999999999998,0.425,0.0661,0.0,0.0493,0.3014869395717445,-0.13306490982189162,middle,other
0CXJBputqkJAbXUosRgvRo,0CXJBputqkJAbXUosRgvRo,The Dream Of The Blue Turtles,Sting,1985,1980,31.0,0.51,0.645,0.525,0.711,0.737,0.0404,-0.3404363887269086,-0.3554193388227604,middle,other
0bPJ2pQiBbVm9Fas3vEioZ,0bPJ2pQiBbVm9Fas3vEioZ,Be Bop a Lula,Demented Are Go,1986,1980,33.0,0.961,0.441,0.285,0.235,0.0036,0.107,0.4311126917977007,-0.1341450878355789,high,other
79BE7EVavDVsVCTlRbQ66i,79BE7EVavDVsVCTlRbQ66i,"Oh, People",Patti LaBelle,1986,1980,36.0,0.616,0.69,0.659,0.56,7.28e-05,0.0458,0.12156490756731449,0.21276929272266726,middle,other
5X61RAPB2fbajLVcC1oaIN,5X61RAPB2fbajLVcC1oaIN,Ball of Confusion - USA Mix,Love and Rockets,1986,1980,27.0,0.451,0.603,0.665,5.8e-05,0.0154,0.0571,0.4386044465691708,0.020458868144393384,middle,other
5gzsEGJvdNRMlSuz7G9QeJ,5gzsEGJvdNRMlSuz7G9QeJ,Hoy Vamos a Salir,Yordano,1986,1980,32.0,0.397,0.669,0.838,0.47,1.4e-05,0.037000000000000005,0.1018684804321182,0.2679224932495409,middle,other
4Ercp6nWeFD2mHHN9X1XZN,4Ercp6nWeFD2mHHN9X1XZN,"Suite bergamasque, L.75: Clair de lune (Arr. Palmer)","Claude Debussy, Julian Lloyd Webber, Royal Philharmonic Orchestra, Nicholas Cleobury",1986,1980,30.0,0.115,0.0378,0.14800000000000002,0.985,0.893,0.0511,-0.9782328892277281,-0.5349349344260299,low,other
5xkSvwYI8Nv72KoWOuU6HU,5xkSvwYI8Nv72KoWOuU6HU,Hand to Mouth - Remastered,George Michael,1987,1980,34.0,0.606,0.933,0.736,0.00583,0.207,0.0366,0.5199770269443127,-0.07086482922018106,middle,other
6eE15VqSQP1FDkMkm64Qb0,6eE15VqSQP1FDkMkm64Qb0,There Is a Light That Never Goes Out - 2011 Remaster,The Smiths,1987,1980,43.0,0.769,0.8759999999999999,0.523,0.04,0.0,0.0269,0.6078224777135074,0.007005743089505133,high,other
1wdKHMe9QikRtwOdCz74ps,1wdKHMe9QikRtwOdCz74ps,Silver Rocket (Album Version),Sonic Youth,1988,1980,33.0,0.8759999999999999,0.0709,0.131,3.65e-05,0.72,0.0586,0.20533949095389017,-0.926295594676446,high,energetic_somber
3FZGNs59bjepaVpF5t07rQ,3FZGNs59bjepaVpF5t07rQ,Little Sheba,38 Special,1988,1980,27.0,0.6709999999999999,0.8640000000000001,0.655,0.0229,8.09e-06,0.0288,0.588402033942576,0.05153769720446796,middle,other
2AeelxeYAriGv9fHq1Fjsg,2AeelxeYAriGv9fHq1Fjsg,Too Many Broken Hearts,Jason Donovan,1989,1980,48.0,0.966,0.921,0.652,0.104,0.0,0.044,0.684645851884332,0.024232330388481237,high,other
3G9vkLzT3S1FzikOXmisO2,3G9vkLzT3S1FzikOXmisO2,Back In Stride,"Maze, Frankie Beverly",1989,1980,28.0,0.643,0.957,0.795,0.332,0.125,0.0371,0.33600334132895926,0.12344572453166475,middle,other
3YdejPPfBtHetU4GyuEPEb,3YdejPPfBtHetU4GyuEPEb,Brazil,Django Reinhardt,1992,1990,36.0,0.19,0.858,0.769,0.941,0.0135,0.044,-0.32918001187262824,0.5127351622297619,low,calm_positive
3mmUYaYGHehxk2MSf7RHu5,3mmUYaYGHehxk2MSf7RHu5,You Make Me Smile,Dave Koz,1993,1990,30.0,0.698,0.861,0.733,0.0972,0.000359,0.0345,0.5561078659497357,0.08838248811057604,middle,other
0RaVOumIHOGY3CtkMNDTt0,0RaVOumIHOGY3CtkMNDTt0,Te Juro Que Te Amo - Poema,Grupo Bryndis,1994,1990,47.0,0.688,0.9,0.767,0.51,5.69e-06,0.0623,0.2542675991123993,0.26015012226529555,middle,other
5Il5H0vNRqx0aQOXqAYsCT,5Il5H0vNRqx0aQOXqAYsCT,Lie To Me,Bon Jovi,1995,1990,50.0,0.634,0.139,0.408,0.21600000000000005,1.51e-05,0.029,0.23790463152166974,-0.12145006011962904,middle,other
5APYN4HtwJPZbjlm7JfBMX,5APYN4HtwJPZbjlm7JfBMX,Passenger Side,Wilco,1995,1990,36.0,0.604,0.392,0.312,0.522,0.0,0.0296,0.03266984536842982,0.04227232829606852,middle,other
4YJbZeAFY6D5p6izb51dK0,4YJbZeAFY6D5p6izb51dK0,Lowrider,Korn,1996,1990,39.0,0.7929999999999999,0.971,0.754,0.000772,0.486,0.146,0.5270347667216371,-0.31976282262509587,high,other
6tMIiFeZMw1OB3aPEFl4Z2,6tMIiFeZMw1OB3aPEFl4Z2,And the Cradle Will Rock...,Van Halen,1996,1990,37.0,0.94,0.773,0.509,0.188,1.87e-06,0.0345,0.5573135113387879,-0.012466342063470439,high,other
2FFlfUPCsrM8AYY7iCQGyt,2FFlfUPCsrM8AYY7iCQGyt,Pass Me By,Insane Clown Posse,1997,1990,36.0,0.961,0.6809999999999999,0.6459999999999999,0.0389,1.75e-05,0.299,0.6844369994108738,-0.03105163579758882,high,other
7egFsSRqX14O2b59ohtlFm,7egFsSRqX14O2b59ohtlFm,I Like It (Like That) (D'Ambrosio Dub Mix) - D'Ambrosio Club Mix (Edit),The Blackout Allstars,1998,1990,33.0,0.927,0.616,0.71,3.69e-05,0.203,0.0447,0.6138931404670287,-0.23949562908579464,high,other
3brU0mLvFAJw6UfvmDzr5J,3brU0mLvFAJw6UfvmDzr5J,I Don't Know,Hank Williams III,1999,1990,37.0,0.8759999999999999,0.892,0.591,0.000197,0.000739,0.0362,0.7033031367975829,-0.013591750225014923,high,other
0AVR0VMLvEVklpufFTAic1,0AVR0VMLvEVklpufFTAic1,Amor Querido,Los Caminantes,1999,1990,39.0,0.7659999999999999,0.8809999999999999,0.772,0.516,0.0952,0.0271,0.24968249739891088,0.15620138439012105,high,other
17ZX2lirfQGxbPLcn25sf7,17ZX2lirfQGxbPLcn25sf7,Dream On - 2007 Remaster,Depeche Mode,2001,2000,41.0,0.563,0.631,0.8109999999999999,0.271,0.00158,0.0412,0.32111213845790537,0.13882861355696616,middle,other
79BnFthWU9DYclWTxb1rZS,79BnFthWU9DYclWTxb1rZS,A Million Ways,Will Downing,2003,2000,40.0,0.463,0.5539999999999999,0.598,0.383,5.600000000000001e-05,0.0478,0.14218907228357386,0.1373631720467511,middle,other
5uoJmcViwBUwk7lJXpp4zq,5uoJmcViwBUwk7lJXpp4zq,Señorita,Los Lonely Boys,2004,2000,39.0,0.906,0.774,0.531,0.126,5.88e-05,0.0541,0.590816718982015,-0.018522926905192,high,other
1Cafs1zrIyOzF8XPmkSI4p,1Cafs1zrIyOzF8XPmkSI4p,Sin Despertar,Kudai,2004,2000,61.0,0.779,0.725,0.672,0.161,0.0,0.0285,0.5109296773964072,0.040271990376451655,high,other
61u3kwCoVSdYc8DH7JQZlN,61u3kwCoVSdYc8DH7JQZlN,"Foxy, Foxy",Rob Zombie,2006,2000,44.0,0.847,0.62,0.627,0.0117,0.0,0.0415,0.6286045637480782,-0.06655337267059488,high,other
3wVuD02J4ErPU2jp5QtX10,3wVuD02J4ErPU2jp5QtX10,Sirena Encantadora,Miguel Morales,2006,2000,57.0,0.645,0.8690000000000001,0.657,0.545,0.0,0.0348,0.18431029566210108,0.24683954355948778,middle,other
1Mju1koP7vTo5llp8r2tGc,1Mju1koP7vTo5llp8r2tGc,Hyperdrive,Devin Townsend,2007,2000,47.0,0.98,0.21,0.463,0.000912,0.8320000000000001,0.11,0.2919629936930164,-0.9255332919958027,high,energetic_somber
2VW4ebvVY5MbqsErlhunfr,2VW4ebvVY5MbqsErlhunfr,Love And Truth,Mother Mother,2007,2000,46.0,0.35600000000000004,0.532,0.6509999999999999,0.565,3.24e-06,0.0736,-0.044159668608497106,0.23800034899338515,middle,other
4IBTEftHDFMV8femNMlfMP,4IBTEftHDFMV8femNMlfMP,Sweet Talk,The Killers,2007,2000,49.0,0.917,0.388,0.373,0.0052,0.0,0.0509,0.5837830492199777,-0.20428036545034808,high,other
2xERZiTuHMineyOlDrmlY4,2xERZiTuHMineyOlDrmlY4,Siempre te recordaré,Los Acosta,2007,2000,46.0,0.7240000000000001,0.799,0.685,0.35600000000000004,0.000111,0.0328,0.3545544424990729,0.1468228726696183,high,other
2XVluRr8S9WV0ku8gH05hP,2XVluRr8S9WV0ku8gH05hP,Mighty To Save - Live,Hillsong UNITED,2008,2000,41.0,0.7759999999999999,0.149,0.327,0.113,7.14e-06,0.055,0.37658501366091496,-0.2052924561985358,high,energetic_somber
29lZKytTb56zzAwryJ3X38,29lZKytTb56zzAwryJ3X38,"Love Theme (from ""Romeo and Juliet"")",André Rieu,2009,2000,55.0,0.224,0.0767,0.236,0.835,0.843,0.0378,-0.7732249087503871,-0.5459256953304225,low,other
5Gf4tg1WJOzIw5iiOLBJzF,5Gf4tg1WJOzIw5iiOLBJzF,Hardest Of Hearts,Florence + The Machine,2009,2000,42.0,0.5870000000000001,0.368,0.606,0.41,0.00201,0.0509,0.14437953520395852,0.0666119463263305,middle,other
6PxC0ilHOSZGO6ASrktNv4,6PxC0ilHOSZGO6ASrktNv4,My Son John,Smokey Bastard,2011,2010,48.0,0.506,0.897,0.828,0.87,0.0,0.485,-0.09072033859743638,0.5010235595142954,middle,other
6wJqtdE4wC9TXOLgCNBVde,6wJqtdE4wC9TXOLgCNBVde,This Moment,Disturbed,2011,2010,51.0,0.96,0.669,0.4970000000000001,0.000509,0.0151,0.125,0.6807971466258926,-0.11581761528868345,high,other
7mf1hxau7AkuXEYbqHrOWh,7mf1hxau7AkuXEYbqHrOWh,Vanessa,Grimes,2011,2010,51.0,0.653,0.166,0.725,0.14800000000000002,0.555,0.0323,0.14691654290685272,-0.528133382712958,middle,other
4RD9ieX3yq8OLW5tlf1KLL,4RD9ieX3yq8OLW5tlf1KLL,Ghosts,James Vincent McMorrow,2012,2010,52.0,0.297,0.181,0.6459999999999999,0.919,0.0371,0.0304,-0.42824273710916255,0.24681188219636083,middle,other
6OPOa3qlKoDUzGpS8MrcLi,6OPOa3qlKoDUzGpS8MrcLi,This Must Be My Dream,The 1975,2016,2010,52.0,0.84,0.679,0.5920000000000001,0.0193,0.000191,0.0364,0.6267670832742457,-0.05476878926476793,high,other
6tB4XVKceo2307SSWXaO0y,6tB4XVKceo2307SSWXaO0y,Just Friends,"Hayden James, Boy Matthews",2018,2010,61.0,0.685,0.363,0.639,0.105,0.0,0.049,0.42637764002017203,-0.059048364601863974,middle,other
6Ej69f6N1LefgGNmwnThK7,6Ej69f6N1LefgGNmwnThK7,Η βασίλισσα,Κώστας Δούσιας,1930,1930,0.0,0.338,0.539,0.677,0.988,4.11e-05,0.0784,-0.3660177943376378,0.40165732505064283,middle,other
7c5R1lT6TTuFcIf8LretT1,7c5R1lT6TTuFcIf8LretT1,Tootin' Through the Roof,Duke Ellington,1946,1940,1.0,0.551,0.741,0.503,0.995,0.895,0.0583,-0.5738590515248425,-0.3706893235938517,middle,other
7e8LQMWAD95z6LkkYK2Dw9,7e8LQMWAD95z6LkkYK2Dw9,"La Bohème: Act IV: Vecchia zimarra, senti","Giacomo Puccini, Arturo Toscanini",1946,1940,0.0,0.0881,0.21600000000000005,0.313,0.968,0.000151,0.0631,-0.5934072534643383,0.2858392540947568,low,other
57ZqG3YxNLhdzPmx9WwC2R,57ZqG3YxNLhdzPmx9WwC2R,Take The A Train,Leo Mathisen,1947,1940,0.0,0.379,0.789,0.6709999999999999,0.947,0.359,0.0477,-0.39427647298120727,0.14421023267485403,middle,other
5lrVVv79kjHJ1VdfFVKfpN,5lrVVv79kjHJ1VdfFVKfpN,Hamne Khud Nar Hokar Bhi,Jagannath,1948,1940,0.0,0.0457,0.401,0.5670000000000001,0.995,0.0177,0.152,-0.5648926953796112,0.4096291172367679,low,other
5vkdkUpTNuwGVUhHYg9cgt,5vkdkUpTNuwGVUhHYg9cgt,"Quartet No. 16 in E-Flat Major for Strings, K. 428: I. Allegro ma non troppo","Wolfgang Amadeus Mozart, Budapest String Quartet",1948,1940,0.0,0.132,0.223,0.338,0.988,0.855,0.038,-0.8929627804054863,-0.4161355500673083,low,other
6JEkzHLEWnnRsFiMUhtZVl,6JEkzHLEWnnRsFiMUhtZVl,Symphony of Psalms (1948 Version): II. Exspectans exspectavi Dominum - Revised 1948 version,"Igor Stravinsky, CBC Symphony Orchestra",1948,1940,0.0,0.0644,0.0364,0.103,0.982,0.848,0.0463,-0.9912558784457763,-0.49753480842582815,low,other
3IC5dqBiIK3mGUM86TV3Ow,3IC5dqBiIK3mGUM86TV3Ow,"Enigma Variations, Op. 36: Variation 11: G.R.S.","Edward Elgar, Philharmonia Orchestra, Andrew Davis",1949,1940,0.0,0.306,0.247,0.43,0.94,0.764,0.0554,-0.7197569772660513,-0.372285756291181,middle,other
3T3mo6vuTbU2gNeDTI7Ydu,3T3mo6vuTbU2gNeDTI7Ydu,Mine ou l'ingénue libertine,"Colette, André Parinaud, Robert Casadessus",1949,1940,0.0,0.0994,0.403,0.654,0.8690000000000001,0.0,0.94,-0.4104524101298569,0.4876924217005726,low,other
1Wv9MAgNbk0dDvKy8Ya3EJ,1Wv9MAgNbk0dDvKy8Ya3EJ,Bulbul U Behar,Hesen Zîrek,1950,1950,0.0,0.565,0.8140000000000001,0.439,0.994,0.943,0.046,-0.5775060396714856,-0.410058467646639,middle,other
1iDHnoceIwwP87W0hWEt9v,1iDHnoceIwwP87W0hWEt9v,"Hänsel und Gretel / Act 1: ""Suse, liebe Suse, was raschelt im Stroh?""","Engelbert Humperdinck, Rita Streich, Gisela Litz, Munich Philharmonic Orchestra, Fritz Lehmann",1953,1950,1.0,0.14400000000000002,0.097,0.426,0.985,5.06e-05,0.0466,-0.5880597088253408,0.26902247230746024,low,other
1u5NmeaQzqyY6qOs5SQSl8,1u5NmeaQzqyY6qOs5SQSl8,"Cavalleria Rusticana: Beato voi, compar Alfio","Pietro Mascagni, Renato Cellini",1953,1950,1.0,0.0496,0.0634,0.302,0.977,0.000152,0.0392,-0.6531974501067167,0.2517692242786702,low,other
3ZofBT9lYBcrwSSgdYH4tK,3ZofBT9lYBcrwSSgdYH4tK,Cuca,Xavier Cugat & His Orchestra,1955,1950,2.0,0.5429999999999999,0.923,0.728,0.7829999999999999,0.931,0.0356,-0.3620209828773009,-0.3775411184925415,middle,other
4396IE5C7R1hR7LCSIafqE,4396IE5C7R1hR7LCSIafqE,It's The Talk Of The Town,"Dizzy Gillespie, Stan Getz",1955,1950,2.0,0.0641,0.342,0.443,0.939,0.0125,0.0572,-0.5433033883808766,0.33354443055578004,low,other
1U5MPTCl0izDCZBwWwayPP,1U5MPTCl0izDCZBwWwayPP,Gloria,"The Channels, Earl Lewis",1956,1950,5.0,0.316,0.214,0.244,0.872,9.32e-06,0.0294,-0.4195115795516013,0.1750725901341582,middle,other
1ZZI0myKcyCispbHyjmwMr,1ZZI0myKcyCispbHyjmwMr,To Beat Or Not To Beat,Horace Silver,1956,1950,12.0,0.441,0.684,0.586,0.856,0.585,0.0489,-0.4113691768288727,-0.13647910774230404,middle,other
7xDEoCUKImQH7Zlh2mK7an,7xDEoCUKImQH7Zlh2mK7an,Flying Fingers (with Larry Collins),"Joe Maphis, Larry Collins",1957,1950,8.0,0.853,0.964,0.522,0.267,0.8740000000000001,0.0455,0.17953059861694748,-0.6250047199408101,high,other
1b7UYV0HYilnxmQEfEKUPk,1b7UYV0HYilnxmQEfEKUPk,Between the Devil and the Deep Blue Sea,The Modern Jazz Quartet,1957,1950,10.0,0.16699999999999998,0.485,0.642,0.769,0.0035700000000000007,0.0498,-0.3036318163837045,0.33681276881961747,low,other
6zSd7zZ8bAnAPZ0TUZ5gd6,6zSd7zZ8bAnAPZ0TUZ5gd6,Gaston's Soliloquy,Louis Jourdan,1958,1950,6.0,0.385,0.583,0.55,0.449,0.0,0.546,0.06241836337520054,0.24178498334274423,middle,other
6kyFi7XoTdjrk30ijebggz,6kyFi7XoTdjrk30ijebggz,Wake Island,Oscar Brand,1960,1960,8.0,0.31,0.885,0.52,0.902,0.0,0.0607,-0.26473836784142923,0.4342306941383832,middle,other
5opXmZP57DXdNdte3sIRKp,5opXmZP57DXdNdte3sIRKp,Pan,"Stan Getz, Eddie Sauter",1962,1960,14.0,0.366,0.4270000000000001,0.374,0.911,0.889,0.032,-0.684242016705738,-0.46701652157754375,middle,other
6dSwjdnJdCi635AFRUPkyL,6dSwjdnJdCi635AFRUPkyL,Call Me Darling,Ella Fitzgerald,1962,1960,12.0,0.204,0.0886,0.245,0.916,2.97e-05,0.0335,-0.5339632576901526,0.18529938378193894,low,other
7yRSPNtWxmO8wTRFae1Fac,7yRSPNtWxmO8wTRFae1Fac,Vivo Sonhando,Marcos Valle,1963,1960,20.0,0.391,0.235,0.493,0.674,0.00242,0.0313,-0.19511286744335585,0.14528123745760246,middle,other
07U9NPfyeQIgHK9ESQodm7,07U9NPfyeQIgHK9ESQodm7,"America, The Beautiful",Frank Sinatra,1963,1960,14.0,0.259,0.315,0.258,0.93,0.0,0.0271,-0.46808283908350207,0.240004239981327,middle,other
5xCtMZknyFpQswN3dXiKOq,5xCtMZknyFpQswN3dXiKOq,驚某歌,李清風,1966,1960,26.0,0.0766,0.61,0.636,0.748,9.81e-06,0.0293,-0.30604112774361425,0.3844171699301803,low,other
52SyLtBRVo9S2QITpgNz9q,52SyLtBRVo9S2QITpgNz9q,Funky Broadway Part 1,Dyke & The Blazers,1968,1960,23.0,0.541,0.946,0.708,0.14300000000000002,0.467,0.038,0.28909734312485985,-0.2220406460676591,middle,other
1uQh2jFwoKT1X1QFf1A5F8,1uQh2jFwoKT1X1QFf1A5F8,Tearin' Up The Country,Creedence Clearwater Revival,1972,1970,31.0,0.647,0.968,0.861,0.0142,0.000336,0.07,0.634486582737785,0.13343127015123202,middle,other
2cJVRnuicVUjLVwijDvCDF,2cJVRnuicVUjLVwijDvCDF,Peace Brother Peace,Dr. John,1973,1970,26.0,0.34700000000000003,0.909,0.5870000000000001,0.4970000000000001,0.0,0.124,0.07371328781278957,0.3101648942733997,middle,other
7GX3w1oGTwavMU9pHjFTJn,7GX3w1oGTwavMU9pHjFTJn,"4th of July, Asbury Park (Sandy) - 2008 Remaster",The Hollies,1975,1970,34.0,0.623,0.451,0.556,0.198,0.0,0.0305,0.3323837495373789,-0.00761440520754775,middle,other
2Uj8MrUjBgSENVZuaoa1wy,2Uj8MrUjBgSENVZuaoa1wy,Bastille Day - Live,Rush,1976,1970,24.0,0.7859999999999999,0.644,0.247,0.269,0.0007030000000000001,0.0628,0.3568699186171633,-0.035637297375650336,high,other
4eqc9yVevvxFqBdyIWueQF,4eqc9yVevvxFqBdyIWueQF,Jack-A-Diamonds,Waylon Jennings,1976,1970,22.0,0.305,0.7759999999999999,0.759,0.421,0.424,0.0415,-0.04922497752774355,-0.06330055288943556,middle,other
5mFDjDw7fpYlCnJGFcgG6i,5mFDjDw7fpYlCnJGFcgG6i,I'll Never Get Out Of This World Alive - Single Version,Hank Williams,1978,1970,22.0,0.14800000000000002,0.7709999999999999,0.841,0.917,0.0,0.0842,-0.3343880959391957,0.5233605439577166,low,calm_positive
0Z3tywe1A1vDLrqfPfip2L,0Z3tywe1A1vDLrqfPfip2L,Move On,Paul Stanley,1978,1970,27.0,0.8590000000000001,0.7509999999999999,0.471,0.231,2.2e-05,0.0584,0.47551072081684764,0.01156838674686772,high,other
0dMOQ9i5CaTcsDR7IctrKi,0dMOQ9i5CaTcsDR7IctrKi,What If You,Joshua Radin,1980,1980,23.0,0.182,0.254,0.354,0.493,0.0007469999999999999,0.0292,-0.17692022518188955,0.10766693890562747,low,other
0CqmqLQQgvTQGOIdXglGiz,0CqmqLQQgvTQGOIdXglGiz,Nutrition,The Dead Milkmen,1985,1980,24.0,0.7120000000000001,0.594,0.64,0.16699999999999998,0.0391,0.0504,0.4275538269657332,-0.012867445059699502,middle,other
7qp6Sevr7JnkRmv8PrV8eq,7qp6Sevr7JnkRmv8PrV8eq,Dig It,Skinny Puppy,1986,1980,26.0,0.7879999999999999,0.381,0.589,0.000903,0.212,0.076,0.4756563204811518,-0.29865663798749204,high,other
3itIR0lzvx5h2WnB2hkSAd,3itIR0lzvx5h2WnB2hkSAd,Slow Dance,Beverly Glenn-Copeland,1986,1980,29.0,0.706,0.8590000000000001,0.612,0.0595,0.935,0.0281,0.23122493005012543,-0.723408342809488,middle,other
4xn4Ilg53Mg8uJAJbTzmP2,4xn4Ilg53Mg8uJAJbTzmP2,"Out Of Sight, Out Of Mind",Anthrax,1988,1980,31.0,0.901,0.214,0.326,4.96e-05,2.62e-06,0.0471,0.5365405775726707,-0.2601731644605997,high,energetic_somber
12UeduMd5QBAc9RsR9Vk9o,12UeduMd5QBAc9RsR9Vk9o,Lagi Aaj Sawan Ki,"Suresh Wadkar, Anupama",1989,1980,34.0,0.693,0.35100000000000003,0.436,0.877,0.000241,0.0448,-0.18152632418265066,0.16522988472104286,middle,other
5JUhjSyjxtO4uEguZfyf26,5JUhjSyjxtO4uEguZfyf26,Downhearted Blues,Bessie Smith,1989,1980,27.0,0.0621,0.529,0.557,0.996,0.249,0.0402,-0.6181301597035792,0.23379471851746741,low,other
2LD0laiqGwpsN822SodbZp,2LD0laiqGwpsN822SodbZp,Timeless Melody,The La's,1990,1990,31.0,0.882,0.701,0.541,0.018000000000000002,8.3e-06,0.0386,0.6460238704165733,-0.07059665303281056,high,other
319YqFvUODaOVRbRc0i9zD,319YqFvUODaOVRbRc0i9zD,I Useta Lover,The Saw Doctors,1991,1990,47.0,0.969,0.726,0.299,0.132,0.0,0.132,0.5761486196545038,-0.08650323865049371,high,other
1c0CHzHWMYtkwqXqJRmDNX,1c0CHzHWMYtkwqXqJRmDNX,Te Encontraré,Ricardo Arjona,1993,1990,44.0,0.5920000000000001,0.612,0.747,0.608,0.0,0.0354,0.06941971720469345,0.2330578809089794,middle,other
5fZkqUeHwq2wKloT4Xha0S,5fZkqUeHwq2wKloT4Xha0S,Fade To Black (Live in Mexico City),Metallica,1993,1990,30.0,0.907,0.19,0.247,9.09e-05,0.0102,0.116,0.5208727920231107,-0.28520410664358287,high,energetic_somber
6g1naQRMQAQliHZT5w7CbW,6g1naQRMQAQliHZT5w7CbW,Striving for Perfection,Raekwon,1995,1990,35.0,0.282,0.921,0.463,0.8490000000000001,0.0,0.227,-0.23611926198825245,0.4407744969624695,middle,other
49QecjVy2TKaKHXqClJIAs,49QecjVy2TKaKHXqClJIAs,Points of View,Joey Albert,1995,1990,46.0,0.28600000000000003,0.22,0.4,0.7090000000000001,0.0,0.0468,-0.28823535197160044,0.16295852983386158,middle,other
6NYxhbw93ILJexXujT24GX,6NYxhbw93ILJexXujT24GX,Ghostbusters,Andrew Gold,1996,1990,37.0,0.622,0.899,0.7909999999999999,0.0406,0.052000000000000005,0.0301,0.5584940632781976,0.06717285301825623,middle,other
54xrXbM3vHE6JkVqkorRdG,54xrXbM3vHE6JkVqkorRdG,I Am The Black Gold Of The Sun,"Nuyorican Soul, Jocelyn Brown",1997,1990,34.0,0.679,0.779,0.643,0.0196,0.476,0.0555,0.40276964917691027,-0.3649707419783157,middle,other
1gJ102uytr61D94SPsnUab,1gJ102uytr61D94SPsnUab,Last Cup of Sorrow,Faith No More,1997,1990,44.0,0.911,0.547,0.494,3e-05,0.14400000000000002,0.0628,0.5829812844340873,-0.2514891832580308,high,other
2sCFFlnYg6Lk75GCcfSXEz,2sCFFlnYg6Lk75GCcfSXEz,Showbiz,Muse,1999,1990,48.0,0.635,0.166,0.236,0.0123,0.21600000000000005,0.0565,0.29516594052691686,-0.39932279933016224,middle,other
073XJnVOC3V2S8WPe3m0hn,073XJnVOC3V2S8WPe3m0hn,These Boots Are Made for Walkin',Jessica Simpson,1999,1990,34.0,0.818,0.75,0.779,0.0101,0.000381,0.14300000000000002,0.6658368157076462,0.021861714433393496,high,other
6dhqy7VMjq4vV8VECWbl5P,6dhqy7VMjq4vV8VECWbl5P,Babylon Feeling (feat. Carlos Santana),"Everlast, Carlos Santana",2000,2000,41.0,0.537,0.5429999999999999,0.622,0.116,0.0683,0.0317,0.3554633046971152,-0.031996062142268716,middle,other
4PKQ3AkEH4OW92hNciAwQG,4PKQ3AkEH4OW92hNciAwQG,Somos el pueblo de Dios,Marcos Witt,2000,2000,44.0,0.812,0.423,0.476,0.274,0.0,0.033,0.3513192236078049,-0.05230731153038602,high,other
05Zcw1sWmSu3wfbaLTeosp,05Zcw1sWmSu3wfbaLTeosp,Y sólo se me ocurre amarte,Alejandro Sanz,2001,2000,55.0,0.843,0.768,0.677,0.429,1.25e-05,0.0279,0.3506131735459114,0.13272273465199325,high,other
3ixa64kE7DIxCNI2sctpEK,3ixa64kE7DIxCNI2sctpEK,Choppin' Blades,UGK,2001,2000,37.0,0.799,0.636,0.51,0.0353,0.0,0.328,0.5792854169978352,-0.03096986878240857,high,other
1oFe7QvpwY3xZVyABI2TXP,1oFe7QvpwY3xZVyABI2TXP,Falling Apart,TRUSTcompany,2002,2000,40.0,0.792,0.438,0.503,0.00539,0.0,0.0422,0.5506107131399877,-0.13194538646443843,high,other
5IaY5teoqlHSvlacevRKLr,5IaY5teoqlHSvlacevRKLr,Nothing Better - Remastered,The Postal Service,2003,2000,39.0,0.722,0.57,0.682,0.21,0.268,0.0312,0.31745216654490294,-0.18771174549185432,high,other
669Pym4oEtooejY2tt7eG1,669Pym4oEtooejY2tt7eG1,Winters Love,Animal Collective,2004,2000,41.0,0.606,0.301,0.3720000000000001,0.6970000000000001,0.0104,0.0479,-0.11213790568614561,0.08679690467436917,middle,other
6bzfP9oPj6rCjD2TR9oCSH,6bzfP9oPj6rCjD2TR9oCSH,Slow Wind,R. Kelly,2005,2000,43.0,0.539,0.772,0.966,0.383,0.0,0.0657,0.27742404468615717,0.26184397842768664,middle,other
2bgvC2viPYMarrEzhpuxMG,2bgvC2viPYMarrEzhpuxMG,Winner,Chris Brown,2005,2000,45.0,0.519,0.594,0.727,0.0253,0.0,0.201,0.4681198802164775,0.05527653894659165,middle,other
6JQFuxLwhvtHRmRMebgiLB,6JQFuxLwhvtHRmRMebgiLB,Silent Shout,The Knife,2006,2000,40.0,0.7090000000000001,0.387,0.599,0.0983,0.911,0.0396,0.11142696883283608,-0.8196230542699552,middle,other
3d0c3CYVzCxFugAKfTq2Gy,3d0c3CYVzCxFugAKfTq2Gy,Raising Cain,Gregory Alan Isakov,2007,2000,43.0,0.435,0.28800000000000003,0.499,0.8009999999999999,0.0296,0.0301,-0.26687159579119474,0.17289205384856163,middle,other
58deiZYlisolCg8OZLm7mQ,58deiZYlisolCg8OZLm7mQ,Grown-Up Christmas List,Amy Grant,2008,2000,42.0,0.182,0.14400000000000002,0.312,0.861,5.67e-05,0.0309,-0.48245316081148015,0.20066159241445125,low,other
1ZBksmlgG0Z2AWRjXT63Mn,1ZBksmlgG0Z2AWRjXT63Mn,I'm Alive,"Alice Ripley, Aaron Tveit, J. Robert Spencer, Louis Hobson, Jennifer Damiano, Adam Chanler-Berat",2009,2000,44.0,0.718,0.563,0.483,0.362,0.0,0.094,0.270291115271457,0.04963891506295212,high,other
2KuavTdtEAK4eG2paNQnW7,2KuavTdtEAK4eG2paNQnW7,War Is The Answer,Five Finger Death Punch,2009,2000,40.0,0.8859999999999999,0.17,0.557,0.000595,9.84e-05,0.0498,0.5519030361670985,-0.2164422528616726,high,energetic_somber
6d0B924xI8hHs3Xk7enRjj,6d0B924xI8hHs3Xk7enRjj,Nocturne,Daft Punk,2010,2010,46.0,0.0362,0.0335,0.185,0.499,0.74,0.0373,-0.591868294778422,-0.557834439312821,low,other
2aiqoeeJkgAzpQUqV0Znfh,2aiqoeeJkgAzpQUqV0Znfh,Cowboy Up,Dry County,2010,2010,45.0,0.856,0.851,0.648,0.0319,0.0,0.0398,0.669309350852094,0.005349127540286448,high,other
0og9wKFGgFFNQnrBe7eisG,0og9wKFGgFFNQnrBe7eisG,Uff Teri Adaa,"Shankar Mahadevan, Alyssa Mendonsa",2010,2010,60.0,0.792,0.306,0.647,0.00536,5.820000000000001e-05,0.0373,0.5429801031860924,-0.13625498697588753,high,other
7FmN3Ow4yPMMmIB1jGamja,7FmN3Ow4yPMMmIB1jGamja,Girl Next Door,My Babysitter's a Vampire (Theme Song),2011,2010,45.0,0.526,0.846,0.475,0.00478,1.63e-06,0.0373,0.5016830376773531,0.03707581850304129,middle,other
7F8RNvTQlvbeBLeenycvN6,7F8RNvTQlvbeBLeenycvN6,Kun Faya Kun,"A.R. Rahman, Javed Ali, Mohit Chauhan",2011,2010,64.0,0.378,0.575,0.362,0.679,0.0,0.0329,-0.1512921269465278,0.21523289033929205,middle,other
5dyCst1ZW9trEifyQZA5nM,5dyCst1ZW9trEifyQZA5nM,La famille,"SeouddrumS, Taigenz",2018,2010,0.0,0.867,0.603,0.47,0.151,0.0,0.362,0.5138401742883324,-0.019943195796047086,high,other
68Z8tB5bRtA4sUZF2E9zH3,68Z8tB5bRtA4sUZF2E9zH3,Acid Or Techno,Iscream,2018,2010,0.0,0.924,0.113,0.8029999999999999,0.00398,0.879,0.0867,0.27185491474561274,-0.9027180546705295,high,energetic_somber
7dxKdQC9Vo1hDxIUnt1z0Q,7dxKdQC9Vo1hDxIUnt1z0Q,Rollercoaster,Jonas Brothers,2019,2010,62.0,0.58,0.467,0.6970000000000001,0.0583,0.0,0.0451,0.43967009496210924,-0.009206270456104856,middle,other
24NuEDgyRIljwSyY0lsr7b,24NuEDgyRIljwSyY0lsr7b,Black Swan,BTS,2020,2020,76.0,0.758,0.49,0.7190000000000001,0.13699999999999998,0.0,0.0851,0.47685023151395495,-0.008858500858032033,high,other
7lhw21YKWJzeM8bv6d50V5,7lhw21YKWJzeM8bv6d50V5,Varvara,Stellakis Perpiniadis,1930,1930,0.0,0.506,0.905,0.619,0.989,0.893,0.0358,-0.5404673138079731,-0.2927809871576434,middle,other
5MV4v4GxT1smXXVeStNOdj,5MV4v4GxT1smXXVeStNOdj,Aandhiyan Gham Ki Yun Chali,Noor Jehan,1945,1940,0.0,0.119,0.442,0.454,0.99,0.882,0.0451,-0.8482644325452772,-0.34842010124493833,low,other
5zNLRT8VoU5Ofos3kdpHoY,5zNLRT8VoU5Ofos3kdpHoY,"Preludes, Op.34: No. 10 in C-Sharp Minor","Dmitri Shostakovich, William Kapell",1945,1940,0.0,0.052000000000000005,0.21,0.426,0.994,0.929,0.0499,-0.9539792878711838,-0.43739451678804336,low,other
60bjrYxJZoyXMoLGdaGByn,60bjrYxJZoyXMoLGdaGByn,"Mazurka, Op.7, No. 5 in C","Frédéric Chopin, William Kapell",1945,1940,0.0,0.289,0.498,0.4,0.992,0.899,0.0403,-0.7680413430119095,-0.40122619210546073,middle,other
2mt1k11Sqp2S7bNXQetd9t,2mt1k11Sqp2S7bNXQetd9t,"33 Piano Variations In C, Op.120 On A Waltz By Anton Diabelli: Variation 19 (Presto)","Ludwig van Beethoven, Paul Baumgartner",1952,1950,0.0,0.105,0.475,0.32299999999999995,0.995,0.921,0.0408,-0.8846159255210319,-0.39603380623028,low,other
2ovCkRbMw0g3BzdCmofdcf,2ovCkRbMw0g3BzdCmofdcf,Signori dell'orchestra trasite,"Valentino Fioravanti, Mario Rossi, Orchestra dell'Associazione ""Alessandro Scarlatti"" di Napoli",1952,1950,0.0,0.175,0.498,0.511,0.98,6.39e-06,0.0599,-0.47256584653009315,0.38869112506936787,low,other
0pi9nfCIVmz9CeGn6DojYl,0pi9nfCIVmz9CeGn6DojYl,"Sonata No. 2 in G Minor, Op. 5, No. 2: II. Rondo, Allegro - Remastered","Ludwig van Beethoven, Rudolf Serkin",1954,1950,0.0,0.119,0.436,0.418,0.99,0.875,0.0357,-0.8521994248621724,-0.3535238920030363,low,other
5z0L7QrVokExYN0F90jawF,5z0L7QrVokExYN0F90jawF,Orange - Remastered,"Nelson Riddle, Frank Sinatra",1956,1950,6.0,0.41,0.309,0.21,0.152,0.67,0.0315,-0.05986184786550312,-0.6372585684662562,middle,other
2V8dQLIdVj97NurFil9Fqy,2V8dQLIdVj97NurFil9Fqy,My One And Only Love,Sarah Vaughan,1957,1950,7.0,0.189,0.203,0.324,0.952,0.0,0.0337,-0.5332982641105306,0.2504354400788343,low,other
6CS5EGPl0SL2ovtbuCpwua,6CS5EGPl0SL2ovtbuCpwua,77 Sunset Strip Cha Cha,The Warren Barker Orchestra,1959,1950,7.0,0.685,0.963,0.858,0.441,0.865,0.0338,0.01581699407137039,-0.44091451769758694,middle,other
7eUa4uSGEexqNTue1pglyX,7eUa4uSGEexqNTue1pglyX,Barbara Polka,Frankie Yankovic & His Yanks,1959,1950,6.0,0.552,0.913,0.629,0.674,0.0841,0.0358,0.016209504323935052,0.2525498821288425,middle,other
75mlu8s4ZektLLaW7kXyUK,75mlu8s4ZektLLaW7kXyUK,The Moon Of Manakoora,The Ventures,1961,1960,8.0,0.16399999999999998,0.373,0.5589999999999999,0.982,0.852,0.0864,-0.8081954162401886,-0.32768349427110366,low,other
7548f4IFlSzm6A65QvOyrn,7548f4IFlSzm6A65QvOyrn,Time Changes Things,The Supremes,1962,1960,10.0,0.735,0.865,0.733,0.313,5.85e-06,0.0402,0.41309495987245054,0.15834043416961377,high,other
00JyOuwNgX6XkNxEQj1sV7,00JyOuwNgX6XkNxEQj1sV7,Hi Lili Hilo,Slim Whitman,1963,1960,15.0,0.48,0.6829999999999999,0.384,0.7340000000000001,0.00181,0.0338,-0.11724271021150924,0.24236395268327207,middle,other
1jrgs3rlR0CQ2bBiLR5wgq,1jrgs3rlR0CQ2bBiLR5wgq,Born To Be Blue,Wes Montgomery,1964,1960,14.0,0.14400000000000002,0.401,0.468,0.954,0.863,0.0357,-0.8087791163034183,-0.36101793308980173,low,other
5T1suGQ7LNioW5uqYz7lrW,5T1suGQ7LNioW5uqYz7lrW,Saint Patrick's Hymn,John Fahey,1965,1960,14.0,0.52,0.244,0.672,0.789,0.238,0.0469,-0.2763666209910026,0.00514410841834673,middle,other
64musVNsm3SJR9hc6twm9e,64musVNsm3SJR9hc6twm9e,Muddy Water,Aretha Franklin,1965,1960,17.0,0.5579999999999999,0.726,0.445,0.76,0.0,0.118,-0.07859018268715089,0.2699340878705928,middle,other
6EUCPXNW5RRzEEv7EbnZjO,6EUCPXNW5RRzEEv7EbnZjO,It Was A Very Good Year (Mono),The Turtles,1965,1960,16.0,0.635,0.765,0.522,0.0574,3.16e-05,0.0297,0.5052531528578288,0.01645336168298285,middle,other
5xWjz4aBcwianOCx176PvE,5xWjz4aBcwianOCx176PvE,There She Is,The Lovin' Spoonful,1966,1960,18.0,0.721,0.882,0.489,0.397,0.0,0.0331,0.31223423760903923,0.1411095510416714,high,other
2UJ54Oo8QhA4euj9ucfftx,2UJ54Oo8QhA4euj9ucfftx,Hayart Alby Maak,Umm Kulthum,1966,1960,25.0,0.387,0.396,0.377,0.95,0.0005690000000000001,0.0472,-0.3861644962268642,0.26602310105014326,middle,other
57vLUuCz2GxqUOZDu7KLOb,57vLUuCz2GxqUOZDu7KLOb,Mi Puerto Rico,Tommy Olivencia y Su Orquesta,1967,1960,15.0,0.6759999999999999,0.882,0.8109999999999999,0.774,0.000104,0.0534,0.0519678148198028,0.36101908561615026,middle,other
1xkkpT9kYhutj1DcTc5xYT,1xkkpT9kYhutj1DcTc5xYT,Windy - Mono,The Association,1967,1960,18.0,0.685,0.934,0.607,0.664,0.00607,0.0294,0.11886144117824984,0.28016058361525126,middle,other
16sI0Z6hB6V43EfT0eGWaE,16sI0Z6hB6V43EfT0eGWaE,Love Me As Though There Were No Tomorrow - Remastered 2001,Glen Campbell,1967,1960,17.0,0.199,0.285,0.458,0.7909999999999999,4.88e-05,0.0269,-0.3713781620571072,0.24161718939621774,low,other
4j8jgGz3pZiPl3sMx3CzLg,4j8jgGz3pZiPl3sMx3CzLg,Laurel Canyon - 2005 Digital Remaster,Jackie DeShannon,1968,1960,19.0,0.7040000000000001,0.785,0.657,0.0454,0.000284,0.0275,0.5712982447742164,0.030093534129712902,middle,other
6Zj190GVAe3y6SITB9its6,6Zj190GVAe3y6SITB9its6,I'm Your Puppet,"Marvin Gaye, Tammi Terrell",1969,1960,22.0,0.412,0.759,0.775,0.13699999999999998,0.00131,0.0324,0.3692659051020043,0.15403780182941557,middle,other
0xB6SieaX28Ij7tbQYhOZX,0xB6SieaX28Ij7tbQYhOZX,Her Akşam,Dario Moreno,1969,1960,15.0,0.475,0.745,0.364,0.922,0.21,0.0499,-0.32626761057455617,0.15399213683892277,middle,other
3j5J1Q1yaw0j6a0mtThJZe,3j5J1Q1yaw0j6a0mtThJZe,Heather,Carpenters,1973,1970,34.0,0.189,0.18600000000000005,0.415,0.941,0.91,0.0308,-0.8466072241842016,-0.48598308022782083,low,other
3bpz42n9F9vmULdDOVhJyH,3bpz42n9F9vmULdDOVhJyH,Moon and Stars - Remastered,kalapana,1975,1970,20.0,0.486,0.825,0.645,0.307,5.56e-06,0.0295,0.2739290997545249,0.18598138150338214,middle,other
42wdSwrf5idLi5kfdjQRhJ,42wdSwrf5idLi5kfdjQRhJ,Modern Man Blues,10cc,1977,1970,27.0,0.631,0.7859999999999999,0.5660000000000001,0.0559,0.043,0.067,0.5000478539348369,0.001897873074124017,middle,other
1SeCUEMxkpvGSsF0L9r7Hy,1SeCUEMxkpvGSsF0L9r7Hy,Time Will Tell - Kaya 40 Mix,"Bob Marley & The Wailers, Stephen Marley",1978,1970,27.0,0.406,0.625,0.513,0.0177,0.0,0.13,0.3933617392868833,0.03205096208229709,middle,other
2aIXrAbyO9HvrlWGWfpfKa,2aIXrAbyO9HvrlWGWfpfKa,Santa Claus Is Coming to Town,Frankie Valli & The Four Seasons,1983,1980,27.0,0.525,0.888,0.7390000000000001,0.615,0.0,0.0682,0.08860012288273778,0.3292136992446353,middle,other
6dejLksq6lDQIDVjEZKFxI,6dejLksq6lDQIDVjEZKFxI,Jet to Jet,Alcatrazz,1983,1980,31.0,0.8440000000000001,0.503,0.401,3.53e-05,0.000789,0.0521,0.5795153952719232,-0.15122926509725582,high,other
1T7LUlRnlAjnr4CLjwvSuw,1T7LUlRnlAjnr4CLjwvSuw,The Last Ray (Remastered),This Mortal Coil,1984,1980,28.0,0.7120000000000001,0.8809999999999999,0.705,0.00891,0.872,0.0291,0.3128175480278838,-0.664379899160702,middle,other
6W8rlIepxKPBFsmpM2zO76,6W8rlIepxKPBFsmpM2zO76,I ain't gonna tell nobody,The Veterinary Street Jazz Band,1987,1980,28.0,0.487,0.965,0.4970000000000001,0.73,0.405,0.128,-0.18050943375117928,0.021481918317317897,middle,other
1jlhLCKQHY0wKQuuWRjQuj,1jlhLCKQHY0wKQuuWRjQuj,Do It The Hard Way,Chet Baker,1987,1980,35.0,0.129,0.451,0.471,0.971,0.00131,0.0597,-0.5044360238024378,0.3741406525104813,low,other
7iJmxyZRdDcJAyj87bsTrn,7iJmxyZRdDcJAyj87bsTrn,Better Days Ahead,Pat Metheny Group,1989,1980,31.0,0.7140000000000001,0.957,0.562,0.753,0.871,0.0356,-0.24949737730538502,-0.40901375122601774,middle,other
56WXMq4aLSWMCTnQawOJ8I,56WXMq4aLSWMCTnQawOJ8I,Stone Cold Yesterday,The Connells,1990,1990,27.0,0.838,0.65,0.34600000000000003,0.000184,0.456,0.0351,0.43388305780751063,-0.4984604626671817,high,other
0ht3TuGmL8tOkciCPY0rPa,0ht3TuGmL8tOkciCPY0rPa,Six Days On The Road,George Thorogood & The Destroyers,1991,1990,35.0,0.708,0.7490000000000001,0.631,0.0222,0.0121,0.0361,0.5753680778071174,-0.003297972398299997,middle,other
3tLrQFYEJpKAY49aNf719W,3tLrQFYEJpKAY49aNf719W,No La Critiquen,Grupo Libra,1991,1990,30.0,0.424,0.524,0.564,0.468,0.0,0.0292,0.047641934697631214,0.15929450336469742,middle,other
3QVgzFl4wbM4kaWl1p7uUj,3QVgzFl4wbM4kaWl1p7uUj,Why Christmas,Boyz II Men,1993,1990,29.0,0.637,0.5770000000000001,0.574,0.359,2.660000000000001e-05,0.0434,0.24740935238055406,0.08609534445073223,middle,other
2hRsM5PQzLwnrtkm9Sz1A3,2hRsM5PQzLwnrtkm9Sz1A3,I'm Going All The Way,Sounds Of Blackness,1994,1990,29.0,0.8540000000000001,0.8540000000000001,0.562,0.264,4.29e-06,0.0512,0.48251162983839563,0.07178498555004262,high,other
1RqaZbkGvBliNFOCDgTqCY,1RqaZbkGvBliNFOCDgTqCY,Fast Canoe,Polvo,1996,1990,35.0,0.601,0.32299999999999995,0.55,0.3670000000000001,0.5720000000000001,0.0471,-0.04090737928993166,-0.4457151152933115,middle,other
2YdhtZGIh6NtLJjgrRJco6,2YdhtZGIh6NtLJjgrRJco6,"We Ride (feat. Cam'ron, Noreaga, Jay-Z & Vegas Cats)","R. Kelly, Cam’ron, N.O.R.E., JAY-Z, Vegas Cats",1996,1990,35.0,0.598,0.65,0.797,0.195,5.97e-06,0.201,0.4009995271293673,0.12701933865587212,middle,other
1tWBG6tgeys7xs4ksD4LGR,1tWBG6tgeys7xs4ksD4LGR,Like a Bad Girl Should,The Cramps,1997,1990,36.0,0.848,0.802,0.55,0.0348,0.0791,0.0491,0.6105606299180711,-0.09051468823675121,high,other
2UKdB4HdTa9xXuXQLrKmEU,2UKdB4HdTa9xXuXQLrKmEU,If Winter Ends,Bright Eyes,1998,1990,35.0,0.789,0.256,0.363,0.532,0.006659999999999999,0.0555,0.09295392712281733,-0.027453535147966487,high,energetic_somber
6Q5mVXqx5Dsn8OMlMhqegv,6Q5mVXqx5Dsn8OMlMhqegv,Ship Of Gold,Clutch,1998,1990,34.0,0.957,0.624,0.39,0.00613,0.00418,0.0654,0.65352441557747,-0.1478007407529311,high,other
73GF9PvQPOtqdN7pFO1dTW,73GF9PvQPOtqdN7pFO1dTW,The High Council Meeting and Qui-Gon's Funeral,"John Williams, London Symphony Orchestra",1999,1990,37.0,0.07200000000000001,0.0345,0.077,0.8859999999999999,0.862,0.0396,-0.9245538780685146,-0.5523439539569711,low,other
5LRZlufnAFqWw2WVUuudSd,5LRZlufnAFqWw2WVUuudSd,Out of the Blue,Michael Learns To Rock,1999,1990,53.0,0.475,0.381,0.604,0.232,3.42e-06,0.0232,0.22574564293957375,0.03193757555384221,middle,other
5hc8WqSlO3UCbKgV0Wi7EV,5hc8WqSlO3UCbKgV0Wi7EV,The 6th Gate (Dance With the Devil) - Original Extended,D-Devils,2000,2000,49.0,0.911,0.153,0.8009999999999999,0.00082,0.5710000000000001,0.092,0.3879815917685893,-0.6364761913664655,high,energetic_somber
5lBjKm0YbgCQdKRcvDzPAJ,5lBjKm0YbgCQdKRcvDzPAJ,I'll Be Ok (feat. Slug),Aesop Rock,2000,2000,35.0,0.669,0.757,0.629,0.0341,5.8e-05,0.384,0.5592125661427737,0.06716798092070098,middle,other
4w9FRInfBiUtdysiBqTR8b,4w9FRInfBiUtdysiBqTR8b,It's Time To Party,Andrew W.K.,2001,2000,40.0,0.979,0.393,0.483,0.000112,0.0,0.0655,0.634912771032237,-0.1936887430517799,high,other
4Q8JkGO6EnyAz0GHugMigw,4Q8JkGO6EnyAz0GHugMigw,Beautifully Broken,Gov't Mule,2001,2000,38.0,0.595,0.39,0.573,0.101,0.0103,0.0305,0.37736534136708066,-0.056472240443187036,middle,other
0hzvyBidgypLw4Z78Lg0EG,0hzvyBidgypLw4Z78Lg0EG,Medicate,Flaw,2004,2000,39.0,0.916,0.632,0.471,1.82e-05,4.6e-05,0.0699,0.6525373649681099,-0.11565730462882161,high,other
5kSsjxq5pWQ7eH5l7jnyY7,5kSsjxq5pWQ7eH5l7jnyY7,Everything I Know,Mandy Gonzalez,2008,2000,42.0,0.16899999999999998,0.15,0.508,0.899,1.12e-05,0.0553,-0.48823801513178794,0.26590670494799123,low,other
7pIizKkImgo7jAZnbpFF2R,7pIizKkImgo7jAZnbpFF2R,花 海,Jay Chou,2008,2000,48.0,0.498,0.192,0.504,0.184,0.0,0.0243,0.2194620055813239,-0.06411315581289966,middle,other
5OaJyV94WfDDpoxwEzybOv,5OaJyV94WfDDpoxwEzybOv,I'm A Lady (feat. Trouble Andrew),"Santigold, Trouble Andrew",2008,2000,38.0,0.715,0.489,0.655,0.13,0.0848,0.0281,0.41989141861282325,-0.09229839242592669,middle,other
68KlkUNTX8gRp7TrM1Ut5u,68KlkUNTX8gRp7TrM1Ut5u,England,The National,2010,2010,47.0,0.645,0.258,0.491,0.701,0.8190000000000001,0.0398,-0.382284118414215,-0.572055058702975,middle,other
2Cz0wgwqdZJgaSOA1Dg6aS,2Cz0wgwqdZJgaSOA1Dg6aS,The Sky Under the Sea,Pierce The Veil,2010,2010,43.0,0.968,0.207,0.36,0.000133,0.0,0.142,0.5745050694017433,-0.25876649242775507,high,energetic_somber
5bgYTzUDzerRFN7fp86MkQ,5bgYTzUDzerRFN7fp86MkQ,Night by Night,Chromeo,2010,2010,41.0,0.8959999999999999,0.573,0.684,0.00646,0.0129,0.0349,0.6500097029770446,-0.09200758421137749,high,other
6qOicCKikiNo4Cej1YilUG,6qOicCKikiNo4Cej1YilUG,Undone,"Brian Tuey, James McCawley, Kevin Sherwood, Treyarch Sound",2011,2010,46.0,0.647,0.121,0.594,0.217,0.968,0.0275,-0.08595642189699615,-0.8833797299928048,middle,other
4ZmAMOU0bcmrwwOvEK8aDT,4ZmAMOU0bcmrwwOvEK8aDT,Quién Diría,Ricardo Arjona,2012,2010,58.0,0.574,0.272,0.626,0.407,0.0,0.03,0.12321312158449425,0.04620363593371871,middle,other
0GSU6yLOJqO10ziQuBLWOE,0GSU6yLOJqO10ziQuBLWOE,One Day (Vandaag) - Radio Edit,Bakermat,2014,2010,64.0,0.594,0.57,0.6559999999999999,0.716,0.0802,0.0307,-0.061652813616638574,0.17296072488155487,middle,other
64y85LeHY8Z6OlTOM9cpKD,64y85LeHY8Z6OlTOM9cpKD,Beam Me Up - Radio Edit,CAZZETTE,2014,2010,51.0,0.867,0.35700000000000004,0.568,0.008759999999999999,2.87e-06,0.0458,0.577202246739682,-0.15625297572377098,high,other
4DHkzbZSWxsCsvRoEzr28A,4DHkzbZSWxsCsvRoEzr28A,Years Of War,"Porter Robinson, Breanne Düren, Sean Caskey",2014,2010,49.0,0.74,0.174,0.517,0.00574,0.00179,0.0341,0.4704001189702546,-0.18974538113092332,high,energetic_somber
59e7E2LMPZ2bhW5G6aCwX8,59e7E2LMPZ2bhW5G6aCwX8,"Crazy Brazy (feat. A$AP Rocky, A$AP Twelvyy & Key!)","A$AP Mob, A$AP Rocky, A$AP Twelvyy, KEY!",2016,2010,54.0,0.629,0.591,0.755,0.32,0.0,0.312,0.30595979562077585,0.15299527133943552,middle,other
3HliX6k8SJQVW7UV3qqMPt,3HliX6k8SJQVW7UV3qqMPt,El Taxista,La Energia Nortena,2016,2010,53.0,0.547,0.921,0.779,0.249,5.91e-05,0.0363,0.38669740155340304,0.20684102327173265,middle,other
5qJZxVKQ8vz9Rak3t4b2VY,5qJZxVKQ8vz9Rak3t4b2VY,This Is My Version,Conor Maynard,2016,2010,59.0,0.38,0.588,0.632,0.852,0.0,0.0301,-0.23988279749261357,0.3397612846559713,middle,other
7MjaU5iFujwT1gOyvJnqNp,7MjaU5iFujwT1gOyvJnqNp,Original,"Arcangel, Bad Bunny",2018,2010,63.0,0.487,0.292,0.7979999999999999,0.0682,0.0,0.206,0.366656318918621,0.013297688056727288,middle,other
2cOE7d35PyfAh9M7DglPk0,2cOE7d35PyfAh9M7DglPk0,In This Place,Julia Michaels,2018,2010,59.0,0.62,0.48,0.405,0.0419,1.3800000000000007e-05,0.142,0.43523268991119746,-0.07396523295534135,middle,other
5ngcqrs4Xq915GUqNtNNr5,5ngcqrs4Xq915GUqNtNNr5,Young Blood,Noah Kahan,2019,2010,63.0,0.463,0.34700000000000003,0.6709999999999999,0.391,0.0,0.0439,0.10285711290555545,0.1000468659875834,middle,other
3DXdjHnePKnh6oXw2ZgGSl,3DXdjHnePKnh6oXw2ZgGSl,Smile,Katy Perry,2020,2020,73.0,0.912,0.7490000000000001,0.7829999999999999,0.0238,0.0,0.243,0.7041501603970127,0.01735951063085359,high,other
0K6D1HbWxE8TRL8pWjNk1g,0K6D1HbWxE8TRL8pWjNk1g,Aye Dekhe Jaa,Arijit Singh,2020,2020,1.0,0.637,0.282,0.472,0.233,0.0,0.0364,0.26576446483939536,-0.06223433633786615,middle,other
